{
    "engine": {
        "model": "/home/scratch.trt_llm_data_ci/llm-models/llama-models-v2/TinyLlama-1.1B-Chat-v1.0",
        "model_path": "/home/scratch.trt_llm_data_ci/llm-models/llama-models-v2/TinyLlama-1.1B-Chat-v1.0",
        "engine_dir": "None",
        "revision": null,
        "version": "1.2",
        "backend": "Pytorch",
        "dtype": "bfloat16",
        "kv_cache_dtype": null,
        "quantization": null
    },
    "machine": {
        "name": "NVIDIA L40S",
        "memory.total": 44.39404296875,
        "clocks.mem": 9.001
    },
    "world_info": {
        "tp_size": 1,
        "pp_size": 1,
        "ep_size": null,
        "world_size": 1,
        "max_batch_size": 1,
        "max_num_tokens": 24576,
        "scheduling_policy": "GUARANTEED_NO_EVICT",
        "kv_cache_percentage": 0.9,
        "issue_rate": 7.84761396875e+16
    },
    "request_info": {
        "num_requests": 16,
        "avg_num_concurrent_requests": 0.9995680169970723,
        "avg_input_length": 100.0,
        "avg_output_length": 200.0
    },
    "performance": {
        "total_latency_ms": 1339.277231,
        "avg_request_latency_ms": 83.668667875,
        "request_throughput_req_s": 11.946742339562704,
        "system_output_throughput_tok_s": 2389.348467912541,
        "system_total_throughput_tok_s": 3584.022701868811,
        "output_throughput_per_user_tok_s": 2390.385806080578,
        "output_throughput_per_gpu_tok_s": 2389.348467912541,
        "request_latency_percentiles_ms": {
            "p50": 83.662786,
            "p90": 83.83852399999999,
            "p95": 83.933443,
            "p99": 83.933443,
            "minimum": 83.416269,
            "maximum": 83.933443,
            "average": 83.668667875
        }
    },
    "energy": {
        "total_energy_j": 287.723,
        "output_tps_per_w": 11.121808127956403,
        "average_gpu_power": 214.83453413537498
    },
    "streaming_metrics": {
        "token_output_speed_tok_s": 2726.5155200237473,
        "avg_ttft_ms": 10.6815230625,
        "avg_tpot_ms": 0.36676957192211057,
        "tpot_percentiles": {
            "p50": 0.36676483919597985,
            "p90": 0.36761759798994975,
            "p95": 0.3678107638190955,
            "p99": 0.3678107638190955,
            "minimum": 0.36485360301507536,
            "maximum": 0.3678107638190955,
            "average": 0.36676957192211057
        },
        "ttft_percentiles": {
            "p50": 10.653191999999999,
            "p90": 10.96452,
            "p95": 10.992229,
            "p99": 10.992229,
            "minimum": 10.440775,
            "maximum": 10.992229,
            "average": 10.6815230625
        },
        "gen_tps_percentiles": {
            "p50": 2726.8012111491803,
            "p90": 2730.9297903338947,
            "p95": 2740.825338536347,
            "p99": 2740.825338536347,
            "minimum": 2718.789384020967,
            "maximum": 2740.825338536347,
            "average": 2726.5155200237473
        }
    },
    "dataset": {
        "isl_stats": {
            "p50": 100.0,
            "p90": 100.0,
            "p95": 100.0,
            "p99": 100.0,
            "minimum": 100.0,
            "maximum": 100.0,
            "average": 100.0
        },
        "osl_stats": {
            "p50": 20.0,
            "p90": 20.0,
            "p95": 20.0,
            "p99": 20.0,
            "minimum": 20.0,
            "maximum": 20.0,
            "average": 20.0
        },
        "seq_len_stats": {
            "p50": 120.0,
            "p90": 120.0,
            "p95": 120.0,
            "p99": 120.0,
            "minimum": 120.0,
            "maximum": 120.0,
            "average": 120.0
        },
        "num_requests": 16,
        "dataset_path": "/home/scratch.bbuddharaju_gpu/TensorRT-LLM/nvbugs_5615248/trtllm_bench/dataset_isl100_osl20.jsonl",
        "max_isl": 100,
        "max_osl": 20,
        "max_sequence_length": 120,
        "avg_isl": 100,
        "avg_osl": 20,
        "avg_sequence_length": 120
    }
}