{
    "engine": {
        "model": "/home/scratch.trt_llm_data_ci/llm-models/llama-models-v2/TinyLlama-1.1B-Chat-v1.0",
        "model_path": "/home/scratch.trt_llm_data_ci/llm-models/llama-models-v2/TinyLlama-1.1B-Chat-v1.0",
        "engine_dir": "None",
        "revision": null,
        "version": "1.2",
        "backend": "Pytorch",
        "dtype": "bfloat16",
        "kv_cache_dtype": null,
        "quantization": null
    },
    "machine": {
        "name": "NVIDIA L40S",
        "memory.total": 44.39404296875,
        "clocks.mem": 9.001
    },
    "world_info": {
        "tp_size": 1,
        "pp_size": 1,
        "ep_size": null,
        "world_size": 1,
        "max_batch_size": 1,
        "max_num_tokens": 24576,
        "scheduling_policy": "GUARANTEED_NO_EVICT",
        "kv_cache_percentage": 0.9,
        "issue_rate": 7.86856305e+16
    },
    "request_info": {
        "num_requests": 16,
        "avg_num_concurrent_requests": 0.9995604756495465,
        "avg_input_length": 100.0,
        "avg_output_length": 200.0
    },
    "performance": {
        "total_latency_ms": 1343.1223989999999,
        "avg_request_latency_ms": 83.908254,
        "request_throughput_req_s": 11.91254051895236,
        "system_output_throughput_tok_s": 2382.5081037904724,
        "system_total_throughput_tok_s": 3573.7621556857084,
        "output_throughput_per_user_tok_s": 2383.5746462337256,
        "output_throughput_per_gpu_tok_s": 2382.5081037904724,
        "request_latency_percentiles_ms": {
            "p50": 83.94211299999999,
            "p90": 84.19749,
            "p95": 84.35435,
            "p99": 84.35435,
            "minimum": 83.479367,
            "maximum": 84.35435,
            "average": 83.908254
        }
    },
    "energy": {
        "total_energy_j": 287.132,
        "output_tps_per_w": 11.144699998606912,
        "average_gpu_power": 213.77947401798934
    },
    "streaming_metrics": {
        "token_output_speed_tok_s": 2724.9223914649187,
        "avg_ttft_ms": 10.8783174375,
        "avg_tpot_ms": 0.3669846058417085,
        "tpot_percentiles": {
            "p50": 0.3669753819095477,
            "p90": 0.3675003567839196,
            "p95": 0.3693585778894472,
            "p99": 0.3693585778894472,
            "minimum": 0.3657051959798995,
            "maximum": 0.3693585778894472,
            "average": 0.3669846058417085
        },
        "ttft_percentiles": {
            "p50": 10.850912,
            "p90": 11.303678,
            "p95": 11.559236,
            "p99": 11.559236,
            "minimum": 10.492915,
            "maximum": 11.559236,
            "average": 10.8783174375
        },
        "gen_tps_percentiles": {
            "p50": 2725.3676716147247,
            "p90": 2733.69995684051,
            "p95": 2734.442963875645,
            "p99": 2734.442963875645,
            "minimum": 2707.3961723431535,
            "maximum": 2734.442963875645,
            "average": 2724.9223914649187
        }
    },
    "dataset": {
        "isl_stats": {
            "p50": 100.0,
            "p90": 100.0,
            "p95": 100.0,
            "p99": 100.0,
            "minimum": 100.0,
            "maximum": 100.0,
            "average": 100.0
        },
        "osl_stats": {
            "p50": 20.0,
            "p90": 20.0,
            "p95": 20.0,
            "p99": 20.0,
            "minimum": 20.0,
            "maximum": 20.0,
            "average": 20.0
        },
        "seq_len_stats": {
            "p50": 120.0,
            "p90": 120.0,
            "p95": 120.0,
            "p99": 120.0,
            "minimum": 120.0,
            "maximum": 120.0,
            "average": 120.0
        },
        "num_requests": 16,
        "dataset_path": "/home/scratch.bbuddharaju_gpu/TensorRT-LLM/nvbugs_5615248/trtllm_bench/dataset_isl100_osl20.jsonl",
        "max_isl": 100,
        "max_osl": 20,
        "max_sequence_length": 120,
        "avg_isl": 100,
        "avg_osl": 20,
        "avg_sequence_length": 120
    }
}