{
    "engine": {
        "model": "/home/scratch.trt_llm_data_ci/llm-models/llama-models-v2/TinyLlama-1.1B-Chat-v1.0",
        "model_path": "/home/scratch.trt_llm_data_ci/llm-models/llama-models-v2/TinyLlama-1.1B-Chat-v1.0",
        "engine_dir": "None",
        "revision": null,
        "version": "1.2",
        "backend": "Pytorch",
        "dtype": "bfloat16",
        "kv_cache_dtype": null,
        "quantization": null
    },
    "machine": {
        "name": "NVIDIA L40S",
        "memory.total": 44.39404296875,
        "clocks.mem": 9.001
    },
    "world_info": {
        "tp_size": 1,
        "pp_size": 1,
        "ep_size": null,
        "world_size": 1,
        "max_batch_size": 1,
        "max_num_tokens": 24576,
        "scheduling_policy": "GUARANTEED_NO_EVICT",
        "kv_cache_percentage": 0.9,
        "issue_rate": 7.8877033875e+16
    },
    "request_info": {
        "num_requests": 16,
        "avg_num_concurrent_requests": 0.9995673596442542,
        "avg_input_length": 100.0,
        "avg_output_length": 200.0
    },
    "performance": {
        "total_latency_ms": 1345.9608939999998,
        "avg_request_latency_ms": 84.0861610625,
        "request_throughput_req_s": 11.887418179327877,
        "system_output_throughput_tok_s": 2377.4836358655753,
        "system_total_throughput_tok_s": 3566.2254537983627,
        "output_throughput_per_user_tok_s": 2378.552491192638,
        "output_throughput_per_gpu_tok_s": 2377.4836358655753,
        "request_latency_percentiles_ms": {
            "p50": 84.02156099999999,
            "p90": 84.71616399999999,
            "p95": 85.08094,
            "p99": 85.08094,
            "minimum": 83.653645,
            "maximum": 85.08094,
            "average": 84.0861610625
        }
    },
    "energy": {
        "total_energy_j": 310.679,
        "output_tps_per_w": 10.300020278164924,
        "average_gpu_power": 230.82319953346283
    },
    "streaming_metrics": {
        "token_output_speed_tok_s": 2734.0312075338015,
        "avg_ttft_ms": 11.2968904375,
        "avg_tpot_ms": 0.36577522927135675,
        "tpot_percentiles": {
            "p50": 0.36571222110552765,
            "p90": 0.3694624824120603,
            "p95": 0.3700333819095477,
            "p99": 0.3700333819095477,
            "minimum": 0.3592105778894472,
            "maximum": 0.3700333819095477,
            "average": 0.36577522927135675
        },
        "ttft_percentiles": {
            "p50": 11.263619,
            "p90": 11.634725,
            "p95": 12.486887,
            "p99": 12.486887,
            "minimum": 10.750304,
            "maximum": 12.486887,
            "average": 11.2968904375
        },
        "gen_tps_percentiles": {
            "p50": 2736.092394237861,
            "p90": 2743.0374610423205,
            "p95": 2783.8823841868207,
            "p99": 2783.8823841868207,
            "minimum": 2702.4588831405586,
            "maximum": 2783.8823841868207,
            "average": 2734.0312075338015
        }
    },
    "dataset": {
        "isl_stats": {
            "p50": 100.0,
            "p90": 100.0,
            "p95": 100.0,
            "p99": 100.0,
            "minimum": 100.0,
            "maximum": 100.0,
            "average": 100.0
        },
        "osl_stats": {
            "p50": 20.0,
            "p90": 20.0,
            "p95": 20.0,
            "p99": 20.0,
            "minimum": 20.0,
            "maximum": 20.0,
            "average": 20.0
        },
        "seq_len_stats": {
            "p50": 120.0,
            "p90": 120.0,
            "p95": 120.0,
            "p99": 120.0,
            "minimum": 120.0,
            "maximum": 120.0,
            "average": 120.0
        },
        "num_requests": 16,
        "dataset_path": "/home/scratch.bbuddharaju_gpu/TensorRT-LLM/nvbugs_5615248/trtllm_bench/dataset_isl100_osl20.jsonl",
        "max_isl": 100,
        "max_osl": 20,
        "max_sequence_length": 120,
        "avg_isl": 100,
        "avg_osl": 20,
        "avg_sequence_length": 120
    }
}