{
    "engine": {
        "model": "/home/scratch.trt_llm_data_ci/llm-models/llama-models-v2/TinyLlama-1.1B-Chat-v1.0",
        "model_path": "/home/scratch.trt_llm_data_ci/llm-models/llama-models-v2/TinyLlama-1.1B-Chat-v1.0",
        "engine_dir": "None",
        "revision": null,
        "version": "1.2",
        "backend": "Pytorch",
        "dtype": "bfloat16",
        "kv_cache_dtype": null,
        "quantization": null
    },
    "machine": {
        "name": "NVIDIA L40S",
        "memory.total": 44.39404296875,
        "clocks.mem": 9.001
    },
    "world_info": {
        "tp_size": 1,
        "pp_size": 1,
        "ep_size": null,
        "world_size": 1,
        "max_batch_size": 1,
        "max_num_tokens": 24576,
        "scheduling_policy": "GUARANTEED_NO_EVICT",
        "kv_cache_percentage": 0.9,
        "issue_rate": 7.85698241875e+16
    },
    "request_info": {
        "num_requests": 16,
        "avg_num_concurrent_requests": 0.999578408672268,
        "avg_input_length": 100.0,
        "avg_output_length": 200.0
    },
    "performance": {
        "total_latency_ms": 1341.00007,
        "avg_request_latency_ms": 83.77716975,
        "request_throughput_req_s": 11.931393858913072,
        "system_output_throughput_tok_s": 2386.2787717826145,
        "system_total_throughput_tok_s": 3579.4181576739215,
        "output_throughput_per_user_tok_s": 2387.31895256161,
        "output_throughput_per_gpu_tok_s": 2386.2787717826145,
        "request_latency_percentiles_ms": {
            "p50": 83.61526599999999,
            "p90": 84.323319,
            "p95": 84.364308,
            "p99": 84.364308,
            "minimum": 83.461777,
            "maximum": 84.364308,
            "average": 83.77716975
        }
    },
    "energy": {
        "total_energy_j": 289.092,
        "output_tps_per_w": 11.069140619595148,
        "average_gpu_power": 215.5794070913061
    },
    "streaming_metrics": {
        "token_output_speed_tok_s": 2729.51184349599,
        "avg_ttft_ms": 10.869663375,
        "avg_tpot_ms": 0.36636937876884423,
        "tpot_percentiles": {
            "p50": 0.366189904522613,
            "p90": 0.368412648241206,
            "p95": 0.36906977889447234,
            "p99": 0.36906977889447234,
            "minimum": 0.3643054522613065,
            "maximum": 0.36906977889447234,
            "average": 0.36636937876884423
        },
        "ttft_percentiles": {
            "p50": 10.782344,
            "p90": 11.426107,
            "p95": 11.532205999999999,
            "p99": 11.532205999999999,
            "minimum": 10.595385,
            "maximum": 11.532205999999999,
            "average": 10.869663375
        },
        "gen_tps_percentiles": {
            "p50": 2732.4005531147636,
            "p90": 2737.801669629775,
            "p95": 2744.949310510804,
            "p99": 2744.949310510804,
            "minimum": 2709.514723734475,
            "maximum": 2744.949310510804,
            "average": 2729.51184349599
        }
    },
    "dataset": {
        "isl_stats": {
            "p50": 100.0,
            "p90": 100.0,
            "p95": 100.0,
            "p99": 100.0,
            "minimum": 100.0,
            "maximum": 100.0,
            "average": 100.0
        },
        "osl_stats": {
            "p50": 20.0,
            "p90": 20.0,
            "p95": 20.0,
            "p99": 20.0,
            "minimum": 20.0,
            "maximum": 20.0,
            "average": 20.0
        },
        "seq_len_stats": {
            "p50": 120.0,
            "p90": 120.0,
            "p95": 120.0,
            "p99": 120.0,
            "minimum": 120.0,
            "maximum": 120.0,
            "average": 120.0
        },
        "num_requests": 16,
        "dataset_path": "/home/scratch.bbuddharaju_gpu/TensorRT-LLM/nvbugs_5615248/trtllm_bench/dataset_isl100_osl20.jsonl",
        "max_isl": 100,
        "max_osl": 20,
        "max_sequence_length": 120,
        "avg_isl": 100,
        "avg_osl": 20,
        "avg_sequence_length": 120
    }
}