{
    "engine": {
        "model": "/home/scratch.trt_llm_data_ci/llm-models/llama-models-v2/TinyLlama-1.1B-Chat-v1.0",
        "model_path": "/home/scratch.trt_llm_data_ci/llm-models/llama-models-v2/TinyLlama-1.1B-Chat-v1.0",
        "engine_dir": "None",
        "revision": null,
        "version": "1.2",
        "backend": "Pytorch",
        "dtype": "bfloat16",
        "kv_cache_dtype": null,
        "quantization": null
    },
    "machine": {
        "name": "NVIDIA L40S",
        "memory.total": 44.39404296875,
        "clocks.mem": 9.001
    },
    "world_info": {
        "tp_size": 1,
        "pp_size": 1,
        "ep_size": null,
        "world_size": 1,
        "max_batch_size": 1,
        "max_num_tokens": 24576,
        "scheduling_policy": "GUARANTEED_NO_EVICT",
        "kv_cache_percentage": 0.9,
        "issue_rate": 7.85511336875e+16
    },
    "request_info": {
        "num_requests": 16,
        "avg_num_concurrent_requests": 0.9995562387665415,
        "avg_input_length": 100.0,
        "avg_output_length": 200.0
    },
    "performance": {
        "total_latency_ms": 1340.121568,
        "avg_request_latency_ms": 83.720429625,
        "request_throughput_req_s": 11.939215353334273,
        "system_output_throughput_tok_s": 2387.8430706668546,
        "system_total_throughput_tok_s": 3581.764606000282,
        "output_throughput_per_user_tok_s": 2388.9645936443794,
        "output_throughput_per_gpu_tok_s": 2387.8430706668546,
        "request_latency_percentiles_ms": {
            "p50": 83.537346,
            "p90": 84.547176,
            "p95": 84.612416,
            "p99": 84.612416,
            "minimum": 83.282889,
            "maximum": 84.612416,
            "average": 83.720429625
        }
    },
    "energy": {
        "total_energy_j": 311.541,
        "output_tps_per_w": 10.2715212443948,
        "average_gpu_power": 232.47219314956953
    },
    "streaming_metrics": {
        "token_output_speed_tok_s": 2739.6111265193667,
        "avg_ttft_ms": 11.080102625,
        "avg_tpot_ms": 0.36502676884422114,
        "tpot_percentiles": {
            "p50": 0.36528137185929643,
            "p90": 0.36631769346733667,
            "p95": 0.3669307537688442,
            "p99": 0.3669307537688442,
            "minimum": 0.3575188894472362,
            "maximum": 0.3669307537688442,
            "average": 0.36502676884422114
        },
        "ttft_percentiles": {
            "p50": 10.830703,
            "p90": 11.985781999999999,
            "p95": 12.826013,
            "p99": 12.826013,
            "minimum": 10.505697,
            "maximum": 12.826013,
            "average": 11.080102625
        },
        "gen_tps_percentiles": {
            "p50": 2737.7101816803633,
            "p90": 2740.9843858378213,
            "p95": 2797.055007488166,
            "p99": 2797.055007488166,
            "minimum": 2725.3098567746956,
            "maximum": 2797.055007488166,
            "average": 2739.6111265193667
        }
    },
    "dataset": {
        "isl_stats": {
            "p50": 100.0,
            "p90": 100.0,
            "p95": 100.0,
            "p99": 100.0,
            "minimum": 100.0,
            "maximum": 100.0,
            "average": 100.0
        },
        "osl_stats": {
            "p50": 20.0,
            "p90": 20.0,
            "p95": 20.0,
            "p99": 20.0,
            "minimum": 20.0,
            "maximum": 20.0,
            "average": 20.0
        },
        "seq_len_stats": {
            "p50": 120.0,
            "p90": 120.0,
            "p95": 120.0,
            "p99": 120.0,
            "minimum": 120.0,
            "maximum": 120.0,
            "average": 120.0
        },
        "num_requests": 16,
        "dataset_path": "/home/scratch.bbuddharaju_gpu/TensorRT-LLM/nvbugs_5615248/trtllm_bench/dataset_isl100_osl20.jsonl",
        "max_isl": 100,
        "max_osl": 20,
        "max_sequence_length": 120,
        "avg_isl": 100,
        "avg_osl": 20,
        "avg_sequence_length": 120
    }
}