{
    "engine": {
        "model": "/home/scratch.trt_llm_data_ci/llm-models/llama-models-v2/TinyLlama-1.1B-Chat-v1.0",
        "model_path": "/home/scratch.trt_llm_data_ci/llm-models/llama-models-v2/TinyLlama-1.1B-Chat-v1.0",
        "engine_dir": "None",
        "revision": null,
        "version": "1.2",
        "backend": "Pytorch",
        "dtype": "bfloat16",
        "kv_cache_dtype": null,
        "quantization": null
    },
    "machine": {
        "name": "NVIDIA L40S",
        "memory.total": 44.39404296875,
        "clocks.mem": 9.001
    },
    "world_info": {
        "tp_size": 1,
        "pp_size": 1,
        "ep_size": null,
        "world_size": 1,
        "max_batch_size": 1,
        "max_num_tokens": 24576,
        "scheduling_policy": "GUARANTEED_NO_EVICT",
        "kv_cache_percentage": 0.9,
        "issue_rate": 7.85642125e+16
    },
    "request_info": {
        "num_requests": 16,
        "avg_num_concurrent_requests": 0.9995584631740694,
        "avg_input_length": 100.0,
        "avg_output_length": 200.0
    },
    "performance": {
        "total_latency_ms": 1340.9345839999999,
        "avg_request_latency_ms": 83.771407,
        "request_throughput_req_s": 11.931976541519344,
        "system_output_throughput_tok_s": 2386.395308303869,
        "system_total_throughput_tok_s": 3579.5929624558034,
        "output_throughput_per_user_tok_s": 2387.4616621078903,
        "output_throughput_per_gpu_tok_s": 2386.395308303869,
        "request_latency_percentiles_ms": {
            "p50": 83.76175599999999,
            "p90": 84.092602,
            "p95": 84.22461,
            "p99": 84.22461,
            "minimum": 83.514029,
            "maximum": 84.22461,
            "average": 83.771407
        }
    },
    "energy": {
        "total_energy_j": 311.274,
        "output_tps_per_w": 10.28033179770877,
        "average_gpu_power": 232.13212912405575
    },
    "streaming_metrics": {
        "token_output_speed_tok_s": 2726.279831129379,
        "avg_ttft_ms": 10.777628437499999,
        "avg_tpot_ms": 0.3668029073492462,
        "tpot_percentiles": {
            "p50": 0.3663305979899497,
            "p90": 0.36885433165829146,
            "p95": 0.36933925125628136,
            "p99": 0.36933925125628136,
            "minimum": 0.3658591457286432,
            "maximum": 0.36933925125628136,
            "average": 0.3668029073492462
        },
        "ttft_percentiles": {
            "p50": 10.726099,
            "p90": 11.038985,
            "p95": 11.056965,
            "p99": 11.056965,
            "minimum": 10.589960999999999,
            "maximum": 11.056965,
            "average": 10.777628437499999
        },
        "gen_tps_percentiles": {
            "p50": 2730.052579303603,
            "p90": 2732.7541276980846,
            "p95": 2733.2923385266345,
            "p99": 2733.2923385266345,
            "minimum": 2707.537843861898,
            "maximum": 2733.2923385266345,
            "average": 2726.279831129379
        }
    },
    "dataset": {
        "isl_stats": {
            "p50": 100.0,
            "p90": 100.0,
            "p95": 100.0,
            "p99": 100.0,
            "minimum": 100.0,
            "maximum": 100.0,
            "average": 100.0
        },
        "osl_stats": {
            "p50": 20.0,
            "p90": 20.0,
            "p95": 20.0,
            "p99": 20.0,
            "minimum": 20.0,
            "maximum": 20.0,
            "average": 20.0
        },
        "seq_len_stats": {
            "p50": 120.0,
            "p90": 120.0,
            "p95": 120.0,
            "p99": 120.0,
            "minimum": 120.0,
            "maximum": 120.0,
            "average": 120.0
        },
        "num_requests": 16,
        "dataset_path": "/home/scratch.bbuddharaju_gpu/TensorRT-LLM/nvbugs_5615248/trtllm_bench/dataset_isl100_osl20.jsonl",
        "max_isl": 100,
        "max_osl": 20,
        "max_sequence_length": 120,
        "avg_isl": 100,
        "avg_osl": 20,
        "avg_sequence_length": 120
    }
}