{
    "engine": {
        "model": "/home/scratch.trt_llm_data_ci/llm-models/llama-models-v2/TinyLlama-1.1B-Chat-v1.0",
        "model_path": "/home/scratch.trt_llm_data_ci/llm-models/llama-models-v2/TinyLlama-1.1B-Chat-v1.0",
        "engine_dir": "None",
        "revision": null,
        "version": "1.2",
        "backend": "Pytorch",
        "dtype": "bfloat16",
        "kv_cache_dtype": null,
        "quantization": null
    },
    "machine": {
        "name": "NVIDIA L40S",
        "memory.total": 44.39404296875,
        "clocks.mem": 9.001
    },
    "world_info": {
        "tp_size": 1,
        "pp_size": 1,
        "ep_size": null,
        "world_size": 1,
        "max_batch_size": 1,
        "max_num_tokens": 24576,
        "scheduling_policy": "GUARANTEED_NO_EVICT",
        "kv_cache_percentage": 0.9,
        "issue_rate": 7.86186955625e+16
    },
    "request_info": {
        "num_requests": 16,
        "avg_num_concurrent_requests": 0.999567234015701,
        "avg_input_length": 100.0,
        "avg_output_length": 200.0
    },
    "performance": {
        "total_latency_ms": 1341.8314309999998,
        "avg_request_latency_ms": 83.82817075,
        "request_throughput_req_s": 11.924001502987599,
        "system_output_throughput_tok_s": 2384.8003005975197,
        "system_total_throughput_tok_s": 3577.2004508962796,
        "output_throughput_per_user_tok_s": 2385.8415223627867,
        "output_throughput_per_gpu_tok_s": 2384.8003005975197,
        "request_latency_percentiles_ms": {
            "p50": 83.830913,
            "p90": 84.07163,
            "p95": 84.122889,
            "p99": 84.122889,
            "minimum": 83.62882499999999,
            "maximum": 84.122889,
            "average": 83.82817075
        }
    },
    "energy": {
        "total_energy_j": 312.112,
        "output_tps_per_w": 10.252729789306402,
        "average_gpu_power": 232.60149731877908
    },
    "streaming_metrics": {
        "token_output_speed_tok_s": 2726.0624074066086,
        "avg_ttft_ms": 10.8280489375,
        "avg_tpot_ms": 0.3668347829773869,
        "tpot_percentiles": {
            "p50": 0.3668294572864321,
            "p90": 0.3689301407035176,
            "p95": 0.369104959798995,
            "p99": 0.369104959798995,
            "minimum": 0.36469360301507536,
            "maximum": 0.369104959798995,
            "average": 0.3668347829773869
        },
        "ttft_percentiles": {
            "p50": 10.707201999999999,
            "p90": 11.282195,
            "p95": 11.351175,
            "p99": 11.351175,
            "minimum": 10.540943,
            "maximum": 11.351175,
            "average": 10.8280489375
        },
        "gen_tps_percentiles": {
            "p50": 2726.251398025827,
            "p90": 2740.576970226606,
            "p95": 2742.0278056225266,
            "p99": 2742.0278056225266,
            "minimum": 2709.256468795689,
            "maximum": 2742.0278056225266,
            "average": 2726.0624074066086
        }
    },
    "dataset": {
        "isl_stats": {
            "p50": 100.0,
            "p90": 100.0,
            "p95": 100.0,
            "p99": 100.0,
            "minimum": 100.0,
            "maximum": 100.0,
            "average": 100.0
        },
        "osl_stats": {
            "p50": 20.0,
            "p90": 20.0,
            "p95": 20.0,
            "p99": 20.0,
            "minimum": 20.0,
            "maximum": 20.0,
            "average": 20.0
        },
        "seq_len_stats": {
            "p50": 120.0,
            "p90": 120.0,
            "p95": 120.0,
            "p99": 120.0,
            "minimum": 120.0,
            "maximum": 120.0,
            "average": 120.0
        },
        "num_requests": 16,
        "dataset_path": "/home/scratch.bbuddharaju_gpu/TensorRT-LLM/nvbugs_5615248/trtllm_bench/dataset_isl100_osl20.jsonl",
        "max_isl": 100,
        "max_osl": 20,
        "max_sequence_length": 120,
        "avg_isl": 100,
        "avg_osl": 20,
        "avg_sequence_length": 120
    }
}