{
    "engine": {
        "model": "/home/scratch.trt_llm_data_ci/llm-models/llama-models-v2/TinyLlama-1.1B-Chat-v1.0",
        "model_path": "/home/scratch.trt_llm_data_ci/llm-models/llama-models-v2/TinyLlama-1.1B-Chat-v1.0",
        "engine_dir": "None",
        "revision": null,
        "version": "1.2",
        "backend": "Pytorch",
        "dtype": "bfloat16",
        "kv_cache_dtype": null,
        "quantization": null
    },
    "machine": {
        "name": "NVIDIA L40S",
        "memory.total": 44.39404296875,
        "clocks.mem": 9.001
    },
    "world_info": {
        "tp_size": 1,
        "pp_size": 1,
        "ep_size": null,
        "world_size": 1,
        "max_batch_size": 1,
        "max_num_tokens": 24576,
        "scheduling_policy": "GUARANTEED_NO_EVICT",
        "kv_cache_percentage": 0.9,
        "issue_rate": 7.85908520625e+16
    },
    "request_info": {
        "num_requests": 16,
        "avg_num_concurrent_requests": 0.9995571833762718,
        "avg_input_length": 100.0,
        "avg_output_length": 200.0
    },
    "performance": {
        "total_latency_ms": 1341.155612,
        "avg_request_latency_ms": 83.785107875,
        "request_throughput_req_s": 11.93001010236238,
        "system_output_throughput_tok_s": 2386.002020472476,
        "system_total_throughput_tok_s": 3579.003030708714,
        "output_throughput_per_user_tok_s": 2387.117444098777,
        "output_throughput_per_gpu_tok_s": 2386.002020472476,
        "request_latency_percentiles_ms": {
            "p50": 83.701979,
            "p90": 84.531761,
            "p95": 84.774768,
            "p99": 84.774768,
            "minimum": 83.267793,
            "maximum": 84.774768,
            "average": 83.785107875
        }
    },
    "energy": {
        "total_energy_j": 288.575,
        "output_tps_per_w": 11.088971671142684,
        "average_gpu_power": 215.16891658057648
    },
    "streaming_metrics": {
        "token_output_speed_tok_s": 2730.154456014645,
        "avg_ttft_ms": 10.893865499999999,
        "avg_tpot_ms": 0.36628765012562814,
        "tpot_percentiles": {
            "p50": 0.3667111306532663,
            "p90": 0.3678866984924623,
            "p95": 0.3679383567839196,
            "p99": 0.3679383567839196,
            "minimum": 0.3610261105527638,
            "maximum": 0.3679383567839196,
            "average": 0.36628765012562814
        },
        "ttft_percentiles": {
            "p50": 10.758583,
            "p90": 11.793873,
            "p95": 11.882781999999999,
            "p99": 11.882781999999999,
            "minimum": 10.410625999999999,
            "maximum": 11.882781999999999,
            "average": 10.893865499999999
        },
        "gen_tps_percentiles": {
            "p50": 2728.09046896355,
            "p90": 2744.478942743963,
            "p95": 2769.8827613019707,
            "p99": 2769.8827613019707,
            "minimum": 2717.846567400075,
            "maximum": 2769.8827613019707,
            "average": 2730.154456014645
        }
    },
    "dataset": {
        "isl_stats": {
            "p50": 100.0,
            "p90": 100.0,
            "p95": 100.0,
            "p99": 100.0,
            "minimum": 100.0,
            "maximum": 100.0,
            "average": 100.0
        },
        "osl_stats": {
            "p50": 20.0,
            "p90": 20.0,
            "p95": 20.0,
            "p99": 20.0,
            "minimum": 20.0,
            "maximum": 20.0,
            "average": 20.0
        },
        "seq_len_stats": {
            "p50": 120.0,
            "p90": 120.0,
            "p95": 120.0,
            "p99": 120.0,
            "minimum": 120.0,
            "maximum": 120.0,
            "average": 120.0
        },
        "num_requests": 16,
        "dataset_path": "/home/scratch.bbuddharaju_gpu/TensorRT-LLM/nvbugs_5615248/trtllm_bench/dataset_isl100_osl20.jsonl",
        "max_isl": 100,
        "max_osl": 20,
        "max_sequence_length": 120,
        "avg_isl": 100,
        "avg_osl": 20,
        "avg_sequence_length": 120
    }
}