{
    "engine": {
        "model": "/home/scratch.trt_llm_data_ci/llm-models/llama-models-v2/TinyLlama-1.1B-Chat-v1.0",
        "model_path": "/home/scratch.trt_llm_data_ci/llm-models/llama-models-v2/TinyLlama-1.1B-Chat-v1.0",
        "engine_dir": "None",
        "revision": null,
        "version": "1.2",
        "backend": "Pytorch",
        "dtype": "bfloat16",
        "kv_cache_dtype": null,
        "quantization": null
    },
    "machine": {
        "name": "NVIDIA L40S",
        "memory.total": 44.39404296875,
        "clocks.mem": 9.001
    },
    "world_info": {
        "tp_size": 1,
        "pp_size": 1,
        "ep_size": null,
        "world_size": 1,
        "max_batch_size": 1,
        "max_num_tokens": 24576,
        "scheduling_policy": "GUARANTEED_NO_EVICT",
        "kv_cache_percentage": 0.9,
        "issue_rate": 6.793729825e+16
    },
    "request_info": {
        "num_requests": 16,
        "avg_num_concurrent_requests": 0.9995887073255871,
        "avg_input_length": 100.0,
        "avg_output_length": 20.0
    },
    "performance": {
        "total_latency_ms": 1159.3569,
        "avg_request_latency_ms": 72.4300040625,
        "request_throughput_req_s": 13.800754539003476,
        "system_output_throughput_tok_s": 276.0150907800695,
        "system_total_throughput_tok_s": 1656.0905446804172,
        "output_throughput_per_user_tok_s": 276.1334797140767,
        "output_throughput_per_gpu_tok_s": 276.0150907800695,
        "request_latency_percentiles_ms": {
            "p50": 72.384618,
            "p90": 72.814983,
            "p95": 73.224119,
            "p99": 73.224119,
            "minimum": 72.05926099999999,
            "maximum": 73.224119,
            "average": 72.4300040625
        }
    },
    "energy": {
        "total_energy_j": 302.481,
        "output_tps_per_w": 1.0579176873919354,
        "average_gpu_power": 260.9041271070194
    },
    "streaming_metrics": {
        "token_output_speed_tok_s": 294.52627172327215,
        "avg_ttft_ms": 7.918195375,
        "avg_tpot_ms": 3.395358351973684,
        "tpot_percentiles": {
            "p50": 3.3960882105263157,
            "p90": 3.42614947368421,
            "p95": 3.4305952105263158,
            "p99": 3.4305952105263158,
            "minimum": 3.366332210526316,
            "maximum": 3.4305952105263158,
            "average": 3.395358351973684
        },
        "ttft_percentiles": {
            "p50": 7.813332,
            "p90": 8.477694999999999,
            "p95": 8.917721,
            "p99": 8.917721,
            "minimum": 7.512985,
            "maximum": 8.917721,
            "average": 7.918195375
        },
        "gen_tps_percentiles": {
            "p50": 294.7070337541615,
            "p90": 296.29735903926047,
            "p95": 297.0592138449856,
            "p99": 297.0592138449856,
            "minimum": 291.494606222161,
            "maximum": 297.0592138449856,
            "average": 294.52627172327215
        }
    },
    "dataset": {
        "isl_stats": {
            "p50": 100.0,
            "p90": 100.0,
            "p95": 100.0,
            "p99": 100.0,
            "minimum": 100.0,
            "maximum": 100.0,
            "average": 100.0
        },
        "osl_stats": {
            "p50": 20.0,
            "p90": 20.0,
            "p95": 20.0,
            "p99": 20.0,
            "minimum": 20.0,
            "maximum": 20.0,
            "average": 20.0
        },
        "seq_len_stats": {
            "p50": 120.0,
            "p90": 120.0,
            "p95": 120.0,
            "p99": 120.0,
            "minimum": 120.0,
            "maximum": 120.0,
            "average": 120.0
        },
        "num_requests": 16,
        "dataset_path": "/home/scratch.bbuddharaju_gpu/TensorRT-LLM/nvbugs_5615248/trtllm_bench/dataset_isl100_osl20.jsonl",
        "max_isl": 100,
        "max_osl": 20,
        "max_sequence_length": 120,
        "avg_isl": 100,
        "avg_osl": 20,
        "avg_sequence_length": 120
    }
}