{
    "engine": {
        "model": "/home/scratch.trt_llm_data_ci/llm-models/llama-models-v2/TinyLlama-1.1B-Chat-v1.0",
        "model_path": "None",
        "engine_dir": "/home/scratch.bbuddharaju_gpu/TensorRT-LLM/nvbugs_5615248/trtllm_bench/beamwidth1/tinyllama_trt_engine",
        "revision": null,
        "version": "1.3.0rc13",
        "backend": "TRT",
        "dtype": "bfloat16",
        "kv_cache_dtype": null,
        "quantization": null,
        "max_input_length": 129,
        "max_sequence_length": 129
    },
    "machine": {
        "name": "NVIDIA L40S",
        "memory.total": 44.39404296875,
        "clocks.mem": 9.001
    },
    "world_info": {
        "tp_size": 1,
        "pp_size": 1,
        "ep_size": 1,
        "world_size": 1,
        "max_batch_size": 1,
        "max_num_tokens": 129,
        "scheduling_policy": "GUARANTEED_NO_EVICT",
        "kv_cache_percentage": 0.9,
        "issue_rate": 6.88902121875e+16
    },
    "request_info": {
        "num_requests": 16,
        "avg_num_concurrent_requests": 0.999585132119238,
        "avg_input_length": 100.0,
        "avg_output_length": 20.0
    },
    "performance": {
        "total_latency_ms": 1176.646886,
        "avg_request_latency_ms": 73.5099208125,
        "request_throughput_req_s": 13.597962303195184,
        "system_output_throughput_tok_s": 271.95924606390366,
        "system_total_throughput_tok_s": 1631.755476383422,
        "output_throughput_per_user_tok_s": 272.0770098805016,
        "output_throughput_per_gpu_tok_s": 271.95924606390366,
        "request_latency_percentiles_ms": {
            "p50": 73.439511,
            "p90": 73.867147,
            "p95": 74.403491,
            "p99": 74.403491,
            "minimum": 73.074044,
            "maximum": 74.403491,
            "average": 73.5099208125
        }
    },
    "energy": {
        "total_energy_j": 280.078,
        "output_tps_per_w": 1.1425388641735517,
        "average_gpu_power": 238.03063037214378
    },
    "streaming_metrics": {
        "token_output_speed_tok_s": 279.6165995570412,
        "avg_ttft_ms": 5.5586715625,
        "avg_tpot_ms": 3.576381539473684,
        "tpot_percentiles": {
            "p50": 3.574361789473684,
            "p90": 3.590311631578947,
            "p95": 3.618049210526316,
            "p99": 3.618049210526316,
            "minimum": 3.545711,
            "maximum": 3.618049210526316,
            "average": 3.576381539473684
        },
        "ttft_percentiles": {
            "p50": 5.559686999999999,
            "p90": 6.023173,
            "p95": 6.079682,
            "p99": 6.079682,
            "minimum": 5.135812,
            "maximum": 6.079682,
            "average": 5.5586715625
        },
        "gen_tps_percentiles": {
            "p50": 279.7840709003464,
            "p90": 280.31795432809076,
            "p95": 282.03088181749723,
            "p99": 282.03088181749723,
            "minimum": 276.39203941466855,
            "maximum": 282.03088181749723,
            "average": 279.6165995570412
        }
    },
    "dataset": {
        "isl_stats": {
            "p50": 100.0,
            "p90": 100.0,
            "p95": 100.0,
            "p99": 100.0,
            "minimum": 100.0,
            "maximum": 100.0,
            "average": 100.0
        },
        "osl_stats": {
            "p50": 20.0,
            "p90": 20.0,
            "p95": 20.0,
            "p99": 20.0,
            "minimum": 20.0,
            "maximum": 20.0,
            "average": 20.0
        },
        "seq_len_stats": {
            "p50": 120.0,
            "p90": 120.0,
            "p95": 120.0,
            "p99": 120.0,
            "minimum": 120.0,
            "maximum": 120.0,
            "average": 120.0
        },
        "num_requests": 16,
        "dataset_path": "/home/scratch.bbuddharaju_gpu/TensorRT-LLM/nvbugs_5615248/trtllm_bench/dataset_isl100_osl20.jsonl",
        "max_isl": 100,
        "max_osl": 20,
        "max_sequence_length": 120,
        "avg_isl": 100,
        "avg_osl": 20,
        "avg_sequence_length": 120
    }
}