{
    "engine": {
        "model": "/home/scratch.trt_llm_data_ci/llm-models/llama-models-v2/TinyLlama-1.1B-Chat-v1.0",
        "model_path": "/home/scratch.trt_llm_data_ci/llm-models/llama-models-v2/TinyLlama-1.1B-Chat-v1.0",
        "engine_dir": "None",
        "revision": null,
        "version": "1.2",
        "backend": "Pytorch",
        "dtype": "bfloat16",
        "kv_cache_dtype": null,
        "quantization": null
    },
    "machine": {
        "name": "NVIDIA L40S",
        "memory.total": 44.39404296875,
        "clocks.mem": 9.001
    },
    "world_info": {
        "tp_size": 1,
        "pp_size": 1,
        "ep_size": null,
        "world_size": 1,
        "max_batch_size": 1,
        "max_num_tokens": 24576,
        "scheduling_policy": "GUARANTEED_NO_EVICT",
        "kv_cache_percentage": 0.9,
        "issue_rate": 6.7901057e+16
    },
    "request_info": {
        "num_requests": 16,
        "avg_num_concurrent_requests": 0.9995757421211036,
        "avg_input_length": 100.0,
        "avg_output_length": 20.0
    },
    "performance": {
        "total_latency_ms": 1158.670291,
        "avg_request_latency_ms": 72.38616975,
        "request_throughput_req_s": 13.808932639664963,
        "system_output_throughput_tok_s": 276.17865279329925,
        "system_total_throughput_tok_s": 1657.0719167597956,
        "output_throughput_per_user_tok_s": 276.30102343871016,
        "output_throughput_per_gpu_tok_s": 276.17865279329925,
        "request_latency_percentiles_ms": {
            "p50": 72.315848,
            "p90": 72.96220199999999,
            "p95": 73.11599,
            "p99": 73.11599,
            "minimum": 72.06363,
            "maximum": 73.11599,
            "average": 72.38616975
        }
    },
    "energy": {
        "total_energy_j": 301.77,
        "output_tps_per_w": 1.0604102462140041,
        "average_gpu_power": 260.445100166981
    },
    "streaming_metrics": {
        "token_output_speed_tok_s": 294.4707050669891,
        "avg_ttft_ms": 7.8621003125,
        "avg_tpot_ms": 3.396003654605263,
        "tpot_percentiles": {
            "p50": 3.397012894736842,
            "p90": 3.4057481052631577,
            "p95": 3.4426098421052633,
            "p99": 3.4426098421052633,
            "minimum": 3.3531486315789474,
            "maximum": 3.4426098421052633,
            "average": 3.396003654605263
        },
        "ttft_percentiles": {
            "p50": 7.757772999999999,
            "p90": 8.712572999999999,
            "p95": 9.167259,
            "p99": 9.167259,
            "minimum": 7.538774999999999,
            "maximum": 9.167259,
            "average": 7.8621003125
        },
        "gen_tps_percentiles": {
            "p50": 294.46058424234474,
            "p90": 295.72155194857237,
            "p95": 298.2271619522917,
            "p99": 298.2271619522917,
            "minimum": 290.4772965467585,
            "maximum": 298.2271619522917,
            "average": 294.4707050669891
        }
    },
    "dataset": {
        "isl_stats": {
            "p50": 100.0,
            "p90": 100.0,
            "p95": 100.0,
            "p99": 100.0,
            "minimum": 100.0,
            "maximum": 100.0,
            "average": 100.0
        },
        "osl_stats": {
            "p50": 20.0,
            "p90": 20.0,
            "p95": 20.0,
            "p99": 20.0,
            "minimum": 20.0,
            "maximum": 20.0,
            "average": 20.0
        },
        "seq_len_stats": {
            "p50": 120.0,
            "p90": 120.0,
            "p95": 120.0,
            "p99": 120.0,
            "minimum": 120.0,
            "maximum": 120.0,
            "average": 120.0
        },
        "num_requests": 16,
        "dataset_path": "/home/scratch.bbuddharaju_gpu/TensorRT-LLM/nvbugs_5615248/trtllm_bench/dataset_isl100_osl20.jsonl",
        "max_isl": 100,
        "max_osl": 20,
        "max_sequence_length": 120,
        "avg_isl": 100,
        "avg_osl": 20,
        "avg_sequence_length": 120
    }
}