{
    "engine": {
        "model": "/home/scratch.trt_llm_data_ci/llm-models/llama-models-v2/TinyLlama-1.1B-Chat-v1.0",
        "model_path": "/home/scratch.trt_llm_data_ci/llm-models/llama-models-v2/TinyLlama-1.1B-Chat-v1.0",
        "engine_dir": "None",
        "revision": null,
        "version": "1.2",
        "backend": "Pytorch",
        "dtype": "bfloat16",
        "kv_cache_dtype": null,
        "quantization": null
    },
    "machine": {
        "name": "NVIDIA L40S",
        "memory.total": 44.39404296875,
        "clocks.mem": 9.001
    },
    "world_info": {
        "tp_size": 1,
        "pp_size": 1,
        "ep_size": null,
        "world_size": 1,
        "max_batch_size": 1,
        "max_num_tokens": 24576,
        "scheduling_policy": "GUARANTEED_NO_EVICT",
        "kv_cache_percentage": 0.9,
        "issue_rate": 6.75991849375e+16
    },
    "request_info": {
        "num_requests": 16,
        "avg_num_concurrent_requests": 0.9995488615193461,
        "avg_input_length": 100.0,
        "avg_output_length": 20.0
    },
    "performance": {
        "total_latency_ms": 1153.359827,
        "avg_request_latency_ms": 72.052468875,
        "request_throughput_req_s": 13.872513699057423,
        "system_output_throughput_tok_s": 277.4502739811485,
        "system_total_throughput_tok_s": 1664.7016438868907,
        "output_throughput_per_user_tok_s": 277.5774553383721,
        "output_throughput_per_gpu_tok_s": 277.4502739811485,
        "request_latency_percentiles_ms": {
            "p50": 72.039836,
            "p90": 72.291853,
            "p95": 72.50826099999999,
            "p99": 72.50826099999999,
            "minimum": 71.772868,
            "maximum": 72.50826099999999,
            "average": 72.052468875
        }
    },
    "energy": {
        "total_energy_j": 304.399,
        "output_tps_per_w": 1.0512518109455025,
        "average_gpu_power": 263.9237060924613
    },
    "streaming_metrics": {
        "token_output_speed_tok_s": 294.6329721054286,
        "avg_ttft_ms": 7.5640114375,
        "avg_tpot_ms": 3.3941293388157896,
        "tpot_percentiles": {
            "p50": 3.3982802631578948,
            "p90": 3.4068091052631577,
            "p95": 3.415424789473684,
            "p99": 3.415424789473684,
            "minimum": 3.3474443684210526,
            "maximum": 3.415424789473684,
            "average": 3.3941293388157896
        },
        "ttft_percentiles": {
            "p50": 7.466170999999999,
            "p90": 8.139025,
            "p95": 8.626491,
            "p99": 8.626491,
            "minimum": 7.2528429999999995,
            "maximum": 8.626491,
            "average": 7.5640114375
        },
        "gen_tps_percentiles": {
            "p50": 294.32055055292375,
            "p90": 297.33581941550005,
            "p95": 298.7353604540073,
            "p99": 298.7353604540073,
            "minimum": 292.7893488042814,
            "maximum": 298.7353604540073,
            "average": 294.6329721054286
        }
    },
    "dataset": {
        "isl_stats": {
            "p50": 100.0,
            "p90": 100.0,
            "p95": 100.0,
            "p99": 100.0,
            "minimum": 100.0,
            "maximum": 100.0,
            "average": 100.0
        },
        "osl_stats": {
            "p50": 20.0,
            "p90": 20.0,
            "p95": 20.0,
            "p99": 20.0,
            "minimum": 20.0,
            "maximum": 20.0,
            "average": 20.0
        },
        "seq_len_stats": {
            "p50": 120.0,
            "p90": 120.0,
            "p95": 120.0,
            "p99": 120.0,
            "minimum": 120.0,
            "maximum": 120.0,
            "average": 120.0
        },
        "num_requests": 16,
        "dataset_path": "/home/scratch.bbuddharaju_gpu/TensorRT-LLM/nvbugs_5615248/trtllm_bench/dataset_isl100_osl20.jsonl",
        "max_isl": 100,
        "max_osl": 20,
        "max_sequence_length": 120,
        "avg_isl": 100,
        "avg_osl": 20,
        "avg_sequence_length": 120
    }
}