{
    "engine": {
        "model": "/home/scratch.trt_llm_data_ci/llm-models/llama-models-v2/TinyLlama-1.1B-Chat-v1.0",
        "model_path": "/home/scratch.trt_llm_data_ci/llm-models/llama-models-v2/TinyLlama-1.1B-Chat-v1.0",
        "engine_dir": "None",
        "revision": null,
        "version": "1.2",
        "backend": "Pytorch",
        "dtype": "bfloat16",
        "kv_cache_dtype": null,
        "quantization": null
    },
    "machine": {
        "name": "NVIDIA L40S",
        "memory.total": 44.39404296875,
        "clocks.mem": 9.001
    },
    "world_info": {
        "tp_size": 1,
        "pp_size": 1,
        "ep_size": null,
        "world_size": 1,
        "max_batch_size": 1,
        "max_num_tokens": 24576,
        "scheduling_policy": "GUARANTEED_NO_EVICT",
        "kv_cache_percentage": 0.9,
        "issue_rate": 6.79839310625e+16
    },
    "request_info": {
        "num_requests": 16,
        "avg_num_concurrent_requests": 0.9995759141510508,
        "avg_input_length": 100.0,
        "avg_output_length": 20.0
    },
    "performance": {
        "total_latency_ms": 1159.984473,
        "avg_request_latency_ms": 72.46828375,
        "request_throughput_req_s": 13.793288076193068,
        "system_output_throughput_tok_s": 275.86576152386135,
        "system_total_throughput_tok_s": 1655.194569143168,
        "output_throughput_per_user_tok_s": 275.98814727735333,
        "output_throughput_per_gpu_tok_s": 275.86576152386135,
        "request_latency_percentiles_ms": {
            "p50": 72.436703,
            "p90": 73.177426,
            "p95": 73.192216,
            "p99": 73.192216,
            "minimum": 72.096637,
            "maximum": 73.192216,
            "average": 72.46828375
        }
    },
    "energy": {
        "total_energy_j": 303.463,
        "output_tps_per_w": 1.0544942876067263,
        "average_gpu_power": 261.60953621661105
    },
    "streaming_metrics": {
        "token_output_speed_tok_s": 294.7896314272357,
        "avg_ttft_ms": 8.013250812499999,
        "avg_tpot_ms": 3.3923701546052634,
        "tpot_percentiles": {
            "p50": 3.3963665263157896,
            "p90": 3.403657,
            "p95": 3.414343684210526,
            "p99": 3.414343684210526,
            "minimum": 3.318055736842105,
            "maximum": 3.414343684210526,
            "average": 3.3923701546052634
        },
        "ttft_percentiles": {
            "p50": 7.887168999999999,
            "p90": 8.603102999999999,
            "p95": 10.149156999999999,
            "p99": 10.149156999999999,
            "minimum": 7.605643,
            "maximum": 10.149156999999999,
            "average": 8.013250812499999
        },
        "gen_tps_percentiles": {
            "p50": 294.47496462193277,
            "p90": 295.09770032536545,
            "p95": 301.3813146344945,
            "p99": 301.3813146344945,
            "minimum": 292.8820565499758,
            "maximum": 301.3813146344945,
            "average": 294.7896314272357
        }
    },
    "dataset": {
        "isl_stats": {
            "p50": 100.0,
            "p90": 100.0,
            "p95": 100.0,
            "p99": 100.0,
            "minimum": 100.0,
            "maximum": 100.0,
            "average": 100.0
        },
        "osl_stats": {
            "p50": 20.0,
            "p90": 20.0,
            "p95": 20.0,
            "p99": 20.0,
            "minimum": 20.0,
            "maximum": 20.0,
            "average": 20.0
        },
        "seq_len_stats": {
            "p50": 120.0,
            "p90": 120.0,
            "p95": 120.0,
            "p99": 120.0,
            "minimum": 120.0,
            "maximum": 120.0,
            "average": 120.0
        },
        "num_requests": 16,
        "dataset_path": "/home/scratch.bbuddharaju_gpu/TensorRT-LLM/nvbugs_5615248/trtllm_bench/dataset_isl100_osl20.jsonl",
        "max_isl": 100,
        "max_osl": 20,
        "max_sequence_length": 120,
        "avg_isl": 100,
        "avg_osl": 20,
        "avg_sequence_length": 120
    }
}