{
    "engine": {
        "model": "/home/scratch.trt_llm_data_ci/llm-models/llama-models-v2/TinyLlama-1.1B-Chat-v1.0",
        "model_path": "None",
        "engine_dir": "/home/scratch.bbuddharaju_gpu/TensorRT-LLM/nvbugs_5615248/trtllm_bench/beamwidth1/tinyllama_trt_engine",
        "revision": null,
        "version": "1.3.0rc13",
        "backend": "TRT",
        "dtype": "bfloat16",
        "kv_cache_dtype": null,
        "quantization": null,
        "max_input_length": 129,
        "max_sequence_length": 129
    },
    "machine": {
        "name": "NVIDIA L40S",
        "memory.total": 44.39404296875,
        "clocks.mem": 9.001
    },
    "world_info": {
        "tp_size": 1,
        "pp_size": 1,
        "ep_size": 1,
        "world_size": 1,
        "max_batch_size": 1,
        "max_num_tokens": 129,
        "scheduling_policy": "GUARANTEED_NO_EVICT",
        "kv_cache_percentage": 0.9,
        "issue_rate": 6.88664088125e+16
    },
    "request_info": {
        "num_requests": 16,
        "avg_num_concurrent_requests": 0.9995611957691468,
        "avg_input_length": 100.0,
        "avg_output_length": 20.0
    },
    "performance": {
        "total_latency_ms": 1175.330509,
        "avg_request_latency_ms": 73.42592306249999,
        "request_throughput_req_s": 13.613192099993382,
        "system_output_throughput_tok_s": 272.2638419998676,
        "system_total_throughput_tok_s": 1633.5830519992057,
        "output_throughput_per_user_tok_s": 272.38494331971486,
        "output_throughput_per_gpu_tok_s": 272.2638419998676,
        "request_latency_percentiles_ms": {
            "p50": 73.458548,
            "p90": 73.61830599999999,
            "p95": 73.780855,
            "p99": 73.780855,
            "minimum": 72.93436299999999,
            "maximum": 73.780855,
            "average": 73.42592306249999
        }
    },
    "energy": {
        "total_energy_j": 281.623,
        "output_tps_per_w": 1.136270830152367,
        "average_gpu_power": 239.61174992352724
    },
    "streaming_metrics": {
        "token_output_speed_tok_s": 279.83781770868626,
        "avg_ttft_ms": 5.5290841875,
        "avg_tpot_ms": 3.573517835526316,
        "tpot_percentiles": {
            "p50": 3.5753253157894735,
            "p90": 3.5808552105263156,
            "p95": 3.594555631578947,
            "p99": 3.594555631578947,
            "minimum": 3.557299684210526,
            "maximum": 3.594555631578947,
            "average": 3.573517835526316
        },
        "ttft_percentiles": {
            "p50": 5.5680369999999995,
            "p90": 5.645516,
            "p95": 5.710255999999999,
            "p99": 5.710255999999999,
            "minimum": 5.165601,
            "maximum": 5.710255999999999,
            "average": 5.5290841875
        },
        "gen_tps_percentiles": {
            "p50": 279.8822508855364,
            "p90": 280.6504567689581,
            "p95": 281.1121043410012,
            "p99": 281.1121043410012,
            "minimum": 278.1985042086382,
            "maximum": 281.1121043410012,
            "average": 279.83781770868626
        }
    },
    "dataset": {
        "isl_stats": {
            "p50": 100.0,
            "p90": 100.0,
            "p95": 100.0,
            "p99": 100.0,
            "minimum": 100.0,
            "maximum": 100.0,
            "average": 100.0
        },
        "osl_stats": {
            "p50": 20.0,
            "p90": 20.0,
            "p95": 20.0,
            "p99": 20.0,
            "minimum": 20.0,
            "maximum": 20.0,
            "average": 20.0
        },
        "seq_len_stats": {
            "p50": 120.0,
            "p90": 120.0,
            "p95": 120.0,
            "p99": 120.0,
            "minimum": 120.0,
            "maximum": 120.0,
            "average": 120.0
        },
        "num_requests": 16,
        "dataset_path": "/home/scratch.bbuddharaju_gpu/TensorRT-LLM/nvbugs_5615248/trtllm_bench/dataset_isl100_osl20.jsonl",
        "max_isl": 100,
        "max_osl": 20,
        "max_sequence_length": 120,
        "avg_isl": 100,
        "avg_osl": 20,
        "avg_sequence_length": 120
    }
}