{
    "engine": {
        "model": "/home/scratch.trt_llm_data_ci/llm-models/llama-models-v2/TinyLlama-1.1B-Chat-v1.0",
        "model_path": "None",
        "engine_dir": "/home/scratch.bbuddharaju_gpu/TensorRT-LLM/nvbugs_5615248/trtllm_bench/beamwidth1/tinyllama_trt_engine",
        "revision": null,
        "version": "1.3.0rc13",
        "backend": "TRT",
        "dtype": "bfloat16",
        "kv_cache_dtype": null,
        "quantization": null,
        "max_input_length": 129,
        "max_sequence_length": 129
    },
    "machine": {
        "name": "NVIDIA L40S",
        "memory.total": 44.39404296875,
        "clocks.mem": 9.001
    },
    "world_info": {
        "tp_size": 1,
        "pp_size": 1,
        "ep_size": 1,
        "world_size": 1,
        "max_batch_size": 1,
        "max_num_tokens": 129,
        "scheduling_policy": "GUARANTEED_NO_EVICT",
        "kv_cache_percentage": 0.9,
        "issue_rate": 6.88372799375e+16
    },
    "request_info": {
        "num_requests": 16,
        "avg_num_concurrent_requests": 0.9995942226578904,
        "avg_input_length": 100.0,
        "avg_output_length": 20.0
    },
    "performance": {
        "total_latency_ms": 1175.011393,
        "avg_request_latency_ms": 73.4084125,
        "request_throughput_req_s": 13.616889244919857,
        "system_output_throughput_tok_s": 272.33778489839716,
        "system_total_throughput_tok_s": 1634.0267093903828,
        "output_throughput_per_user_tok_s": 272.44961524748516,
        "output_throughput_per_gpu_tok_s": 272.33778489839716,
        "request_latency_percentiles_ms": {
            "p50": 73.422946,
            "p90": 73.614914,
            "p95": 73.840902,
            "p99": 73.840902,
            "minimum": 73.156059,
            "maximum": 73.840902,
            "average": 73.4084125
        }
    },
    "energy": {
        "total_energy_j": 279.804,
        "output_tps_per_w": 1.1436577032494175,
        "average_gpu_power": 238.12875489284724
    },
    "streaming_metrics": {
        "token_output_speed_tok_s": 279.66779385213255,
        "avg_ttft_ms": 5.4704326875,
        "avg_tpot_ms": 3.575683148026316,
        "tpot_percentiles": {
            "p50": 3.5754243157894736,
            "p90": 3.586418421052631,
            "p95": 3.5925441578947366,
            "p99": 3.5925441578947366,
            "minimum": 3.5648433684210525,
            "maximum": 3.5925441578947366,
            "average": 3.575683148026316
        },
        "ttft_percentiles": {
            "p50": 5.498933999999999,
            "p90": 5.605353,
            "p95": 5.657132,
            "p99": 5.657132,
            "minimum": 5.175228,
            "maximum": 5.657132,
            "average": 5.4704326875
        },
        "gen_tps_percentiles": {
            "p50": 279.7101413858212,
            "p90": 280.34575307317226,
            "p95": 280.5172336205397,
            "p99": 280.5172336205397,
            "minimum": 278.35426818692434,
            "maximum": 280.5172336205397,
            "average": 279.66779385213255
        }
    },
    "dataset": {
        "isl_stats": {
            "p50": 100.0,
            "p90": 100.0,
            "p95": 100.0,
            "p99": 100.0,
            "minimum": 100.0,
            "maximum": 100.0,
            "average": 100.0
        },
        "osl_stats": {
            "p50": 20.0,
            "p90": 20.0,
            "p95": 20.0,
            "p99": 20.0,
            "minimum": 20.0,
            "maximum": 20.0,
            "average": 20.0
        },
        "seq_len_stats": {
            "p50": 120.0,
            "p90": 120.0,
            "p95": 120.0,
            "p99": 120.0,
            "minimum": 120.0,
            "maximum": 120.0,
            "average": 120.0
        },
        "num_requests": 16,
        "dataset_path": "/home/scratch.bbuddharaju_gpu/TensorRT-LLM/nvbugs_5615248/trtllm_bench/dataset_isl100_osl20.jsonl",
        "max_isl": 100,
        "max_osl": 20,
        "max_sequence_length": 120,
        "avg_isl": 100,
        "avg_osl": 20,
        "avg_sequence_length": 120
    }
}