{
    "engine": {
        "model": "/home/scratch.trt_llm_data_ci/llm-models/llama-models-v2/TinyLlama-1.1B-Chat-v1.0",
        "model_path": "/home/scratch.trt_llm_data_ci/llm-models/llama-models-v2/TinyLlama-1.1B-Chat-v1.0",
        "engine_dir": "None",
        "revision": null,
        "version": "1.2",
        "backend": "Pytorch",
        "dtype": "bfloat16",
        "kv_cache_dtype": null,
        "quantization": null
    },
    "machine": {
        "name": "NVIDIA L40S",
        "memory.total": 44.39404296875,
        "clocks.mem": 9.001
    },
    "world_info": {
        "tp_size": 1,
        "pp_size": 1,
        "ep_size": null,
        "world_size": 1,
        "max_batch_size": 1,
        "max_num_tokens": 24576,
        "scheduling_policy": "GUARANTEED_NO_EVICT",
        "kv_cache_percentage": 0.9,
        "issue_rate": 6.930659675e+16
    },
    "request_info": {
        "num_requests": 4,
        "avg_num_concurrent_requests": 0.9996612106682274,
        "avg_input_length": 100.0,
        "avg_output_length": 200.0
    },
    "performance": {
        "total_latency_ms": 368.54171099999996,
        "avg_request_latency_ms": 92.10421325,
        "request_throughput_req_s": 10.853588293022279,
        "system_output_throughput_tok_s": 2170.717658604456,
        "system_total_throughput_tok_s": 3256.0764879066837,
        "output_throughput_per_user_tok_s": 2171.5516278451382,
        "output_throughput_per_gpu_tok_s": 2170.717658604456,
        "request_latency_percentiles_ms": {
            "p50": 92.38937299999999,
            "p90": 92.95046599999999,
            "p95": 92.95046599999999,
            "p99": 92.95046599999999,
            "minimum": 91.31532399999999,
            "maximum": 92.95046599999999,
            "average": 92.10421325
        }
    },
    "energy": {
        "total_energy_j": 81.212,
        "output_tps_per_w": 9.850760971285032,
        "average_gpu_power": 220.3604031132313
    },
    "streaming_metrics": {
        "token_output_speed_tok_s": 2570.0451604285818,
        "avg_ttft_ms": 14.671806499999999,
        "avg_tpot_ms": 0.38910757160804016,
        "tpot_percentiles": {
            "p50": 0.38993579396984923,
            "p90": 0.3918138090452261,
            "p95": 0.3918138090452261,
            "p99": 0.3918138090452261,
            "minimum": 0.38694215075376887,
            "maximum": 0.3918138090452261,
            "average": 0.38910757160804016
        },
        "ttft_percentiles": {
            "p50": 14.79215,
            "p90": 14.979517999999999,
            "p95": 14.979517999999999,
            "p99": 14.979517999999999,
            "minimum": 14.313836,
            "maximum": 14.979517999999999,
            "average": 14.671806499999999
        },
        "gen_tps_percentiles": {
            "p50": 2579.0575755552413,
            "p90": 2584.365642388625,
            "p95": 2584.365642388625,
            "p99": 2584.365642388625,
            "minimum": 2552.2326597850265,
            "maximum": 2584.365642388625,
            "average": 2570.0451604285818
        }
    },
    "dataset": {
        "isl_stats": {
            "p50": 100.0,
            "p90": 100.0,
            "p95": 100.0,
            "p99": 100.0,
            "minimum": 100.0,
            "maximum": 100.0,
            "average": 100.0
        },
        "osl_stats": {
            "p50": 20.0,
            "p90": 20.0,
            "p95": 20.0,
            "p99": 20.0,
            "minimum": 20.0,
            "maximum": 20.0,
            "average": 20.0
        },
        "seq_len_stats": {
            "p50": 120.0,
            "p90": 120.0,
            "p95": 120.0,
            "p99": 120.0,
            "minimum": 120.0,
            "maximum": 120.0,
            "average": 120.0
        },
        "num_requests": 4,
        "dataset_path": "/home/scratch.bbuddharaju_gpu/TensorRT-LLM/nvbugs_5615248/trtllm_bench/dataset_isl100_osl20.jsonl",
        "max_isl": 100,
        "max_osl": 20,
        "max_sequence_length": 120,
        "avg_isl": 100,
        "avg_osl": 20,
        "avg_sequence_length": 120
    }
}