{
    "engine": {
        "model": "/home/scratch.trt_llm_data_ci/llm-models/llama-models-v2/TinyLlama-1.1B-Chat-v1.0",
        "model_path": "/home/scratch.trt_llm_data_ci/llm-models/llama-models-v2/TinyLlama-1.1B-Chat-v1.0",
        "engine_dir": "None",
        "revision": null,
        "version": "1.2",
        "backend": "Pytorch",
        "dtype": "bfloat16",
        "kv_cache_dtype": null,
        "quantization": null
    },
    "machine": {
        "name": "NVIDIA L40S",
        "memory.total": 44.39404296875,
        "clocks.mem": 9.001
    },
    "world_info": {
        "tp_size": 1,
        "pp_size": 1,
        "ep_size": null,
        "world_size": 1,
        "max_batch_size": 1,
        "max_num_tokens": 24576,
        "scheduling_policy": "GUARANTEED_NO_EVICT",
        "kv_cache_percentage": 0.9,
        "issue_rate": 9.2282867e+16
    },
    "request_info": {
        "num_requests": 20,
        "avg_num_concurrent_requests": 0.999581428326627,
        "avg_input_length": 100.0,
        "avg_output_length": 200.0
    },
    "performance": {
        "total_latency_ms": 1938.286921,
        "avg_request_latency_ms": 96.87378045,
        "request_throughput_req_s": 10.318389802517787,
        "system_output_throughput_tok_s": 2063.6779605035576,
        "system_total_throughput_tok_s": 3095.516940755336,
        "output_throughput_per_user_tok_s": 2066.648495689102,
        "output_throughput_per_gpu_tok_s": 2063.6779605035576,
        "request_latency_percentiles_ms": {
            "p50": 98.077631,
            "p90": 100.657968,
            "p95": 103.36367299999999,
            "p99": 103.36367299999999,
            "minimum": 92.629581,
            "maximum": 103.36367299999999,
            "average": 96.87378045
        }
    },
    "energy": {
        "total_energy_j": 386.418,
        "output_tps_per_w": 10.351484661687602,
        "average_gpu_power": 199.36057753546592
    },
    "streaming_metrics": {
        "token_output_speed_tok_s": 2437.7617842459085,
        "avg_ttft_ms": 15.1656971,
        "avg_tpot_ms": 0.4105933836683417,
        "tpot_percentiles": {
            "p50": 0.4119462713567839,
            "p90": 0.4275191407035176,
            "p95": 0.430376,
            "p99": 0.430376,
            "minimum": 0.3917672010050251,
            "maximum": 0.430376,
            "average": 0.4105933836683417
        },
        "ttft_percentiles": {
            "p50": 14.843815,
            "p90": 17.428231999999998,
            "p95": 17.718849,
            "p99": 17.718849,
            "minimum": 14.339369999999999,
            "maximum": 17.718849,
            "average": 15.1656971
        },
        "gen_tps_percentiles": {
            "p50": 2443.381599369573,
            "p90": 2544.037350456946,
            "p95": 2552.536295623107,
            "p99": 2552.536295623107,
            "minimum": 2323.5496403145157,
            "maximum": 2552.536295623107,
            "average": 2437.7617842459085
        }
    },
    "dataset": {
        "isl_stats": {
            "p50": 100.0,
            "p90": 100.0,
            "p95": 100.0,
            "p99": 100.0,
            "minimum": 100.0,
            "maximum": 100.0,
            "average": 100.0
        },
        "osl_stats": {
            "p50": 20.0,
            "p90": 20.0,
            "p95": 20.0,
            "p99": 20.0,
            "minimum": 20.0,
            "maximum": 20.0,
            "average": 20.0
        },
        "seq_len_stats": {
            "p50": 120.0,
            "p90": 120.0,
            "p95": 120.0,
            "p99": 120.0,
            "minimum": 120.0,
            "maximum": 120.0,
            "average": 120.0
        },
        "num_requests": 20,
        "dataset_path": "/home/scratch.bbuddharaju_gpu/TensorRT-LLM/nvbugs_5615248/trtllm_bench/dataset_isl100_osl20.jsonl",
        "max_isl": 100,
        "max_osl": 20,
        "max_sequence_length": 120,
        "avg_isl": 100,
        "avg_osl": 20,
        "avg_sequence_length": 120
    }
}