{
    "engine": {
        "model": "/home/scratch.trt_llm_data_ci/llm-models/llama-models-v2/TinyLlama-1.1B-Chat-v1.0",
        "model_path": "/home/scratch.trt_llm_data_ci/llm-models/llama-models-v2/TinyLlama-1.1B-Chat-v1.0",
        "engine_dir": "None",
        "revision": null,
        "version": "1.2",
        "backend": "Pytorch",
        "dtype": "bfloat16",
        "kv_cache_dtype": null,
        "quantization": null
    },
    "machine": {
        "name": "NVIDIA L40S",
        "memory.total": 44.39404296875,
        "clocks.mem": 9.001
    },
    "world_info": {
        "tp_size": 1,
        "pp_size": 1,
        "ep_size": null,
        "world_size": 1,
        "max_batch_size": 1,
        "max_num_tokens": 24576,
        "scheduling_policy": "GUARANTEED_NO_EVICT",
        "kv_cache_percentage": 0.9,
        "issue_rate": 7.87285906875e+16
    },
    "request_info": {
        "num_requests": 16,
        "avg_num_concurrent_requests": 0.9995625654267924,
        "avg_input_length": 100.0,
        "avg_output_length": 200.0
    },
    "performance": {
        "total_latency_ms": 1344.194163,
        "avg_request_latency_ms": 83.975385375,
        "request_throughput_req_s": 11.90304231368694,
        "system_output_throughput_tok_s": 2380.608462737388,
        "system_total_throughput_tok_s": 3570.912694106082,
        "output_throughput_per_user_tok_s": 2381.6648537395386,
        "output_throughput_per_gpu_tok_s": 2380.608462737388,
        "request_latency_percentiles_ms": {
            "p50": 83.901055,
            "p90": 84.274123,
            "p95": 84.536712,
            "p99": 84.536712,
            "minimum": 83.770567,
            "maximum": 84.536712,
            "average": 83.975385375
        }
    },
    "energy": {
        "total_energy_j": 311.651,
        "output_tps_per_w": 10.267895819362042,
        "average_gpu_power": 231.84969000642803
    },
    "streaming_metrics": {
        "token_output_speed_tok_s": 2733.2108065115435,
        "avg_ttft_ms": 11.164098749999999,
        "avg_tpot_ms": 0.3658858624371859,
        "tpot_percentiles": {
            "p50": 0.36617482412060304,
            "p90": 0.3677908391959799,
            "p95": 0.3704141407035176,
            "p99": 0.3704141407035176,
            "minimum": 0.35792642211055276,
            "maximum": 0.3704141407035176,
            "average": 0.3658858624371859
        },
        "ttft_percentiles": {
            "p50": 11.060516,
            "p90": 11.331764999999999,
            "p95": 13.015975,
            "p99": 13.015975,
            "minimum": 10.824297999999999,
            "maximum": 13.015975,
            "average": 11.164098749999999
        },
        "gen_tps_percentiles": {
            "p50": 2731.55602924489,
            "p90": 2739.723387063577,
            "p95": 2793.870299106138,
            "p99": 2793.870299106138,
            "minimum": 2699.68095197642,
            "maximum": 2793.870299106138,
            "average": 2733.2108065115435
        }
    },
    "dataset": {
        "isl_stats": {
            "p50": 100.0,
            "p90": 100.0,
            "p95": 100.0,
            "p99": 100.0,
            "minimum": 100.0,
            "maximum": 100.0,
            "average": 100.0
        },
        "osl_stats": {
            "p50": 20.0,
            "p90": 20.0,
            "p95": 20.0,
            "p99": 20.0,
            "minimum": 20.0,
            "maximum": 20.0,
            "average": 20.0
        },
        "seq_len_stats": {
            "p50": 120.0,
            "p90": 120.0,
            "p95": 120.0,
            "p99": 120.0,
            "minimum": 120.0,
            "maximum": 120.0,
            "average": 120.0
        },
        "num_requests": 16,
        "dataset_path": "/home/scratch.bbuddharaju_gpu/TensorRT-LLM/perf_repro/beam_search_handoff/dataset_isl100_osl20.jsonl",
        "max_isl": 100,
        "max_osl": 20,
        "max_sequence_length": 120,
        "avg_isl": 100,
        "avg_osl": 20,
        "avg_sequence_length": 120
    }
}