{
    "engine": {
        "model": "/home/scratch.trt_llm_data_ci/llm-models/llama-models-v2/TinyLlama-1.1B-Chat-v1.0",
        "model_path": "/home/scratch.trt_llm_data_ci/llm-models/llama-models-v2/TinyLlama-1.1B-Chat-v1.0",
        "engine_dir": "None",
        "revision": null,
        "version": "1.2",
        "backend": "Pytorch",
        "dtype": "bfloat16",
        "kv_cache_dtype": null,
        "quantization": null
    },
    "machine": {
        "name": "NVIDIA L40S",
        "memory.total": 44.39404296875,
        "clocks.mem": 9.001
    },
    "world_info": {
        "tp_size": 1,
        "pp_size": 1,
        "ep_size": null,
        "world_size": 1,
        "max_batch_size": 1,
        "max_num_tokens": 24576,
        "scheduling_policy": "GUARANTEED_NO_EVICT",
        "kv_cache_percentage": 0.9,
        "issue_rate": 7.89394705e+16
    },
    "request_info": {
        "num_requests": 16,
        "avg_num_concurrent_requests": 0.9995666652535172,
        "avg_input_length": 100.0,
        "avg_output_length": 200.0
    },
    "performance": {
        "total_latency_ms": 1347.085607,
        "avg_request_latency_ms": 84.15636674999999,
        "request_throughput_req_s": 11.877493098328383,
        "system_output_throughput_tok_s": 2375.4986196656764,
        "system_total_throughput_tok_s": 3563.2479294985146,
        "output_throughput_per_user_tok_s": 2376.552960764871,
        "output_throughput_per_gpu_tok_s": 2375.4986196656764,
        "request_latency_percentiles_ms": {
            "p50": 84.10002,
            "p90": 84.438378,
            "p95": 85.115556,
            "p99": 85.115556,
            "minimum": 83.94351999999999,
            "maximum": 85.115556,
            "average": 84.15636674999999
        }
    },
    "energy": {
        "total_energy_j": 312.718,
        "output_tps_per_w": 10.232861555778689,
        "average_gpu_power": 232.14411792019095
    },
    "streaming_metrics": {
        "token_output_speed_tok_s": 2734.8706277146216,
        "avg_ttft_ms": 11.3905763125,
        "avg_tpot_ms": 0.36565723837939695,
        "tpot_percentiles": {
            "p50": 0.3660759698492462,
            "p90": 0.3672900854271357,
            "p95": 0.3694564120603015,
            "p99": 0.3694564120603015,
            "minimum": 0.3609703115577889,
            "maximum": 0.3694564120603015,
            "average": 0.36565723837939695
        },
        "ttft_percentiles": {
            "p50": 11.269521,
            "p90": 11.843439,
            "p95": 13.282464,
            "p99": 13.282464,
            "minimum": 10.916552,
            "maximum": 13.282464,
            "average": 11.3905763125
        },
        "gen_tps_percentiles": {
            "p50": 2732.149733118397,
            "p90": 2752.9352272660776,
            "p95": 2770.3109313462382,
            "p99": 2770.3109313462382,
            "minimum": 2706.6792383529755,
            "maximum": 2770.3109313462382,
            "average": 2734.8706277146216
        }
    },
    "dataset": {
        "isl_stats": {
            "p50": 100.0,
            "p90": 100.0,
            "p95": 100.0,
            "p99": 100.0,
            "minimum": 100.0,
            "maximum": 100.0,
            "average": 100.0
        },
        "osl_stats": {
            "p50": 20.0,
            "p90": 20.0,
            "p95": 20.0,
            "p99": 20.0,
            "minimum": 20.0,
            "maximum": 20.0,
            "average": 20.0
        },
        "seq_len_stats": {
            "p50": 120.0,
            "p90": 120.0,
            "p95": 120.0,
            "p99": 120.0,
            "minimum": 120.0,
            "maximum": 120.0,
            "average": 120.0
        },
        "num_requests": 16,
        "dataset_path": "/home/scratch.bbuddharaju_gpu/TensorRT-LLM/perf_repro/beam_search_handoff/dataset_isl100_osl20.jsonl",
        "max_isl": 100,
        "max_osl": 20,
        "max_sequence_length": 120,
        "avg_isl": 100,
        "avg_osl": 20,
        "avg_sequence_length": 120
    }
}