{
    "engine": {
        "model": "/home/scratch.trt_llm_data_ci/llm-models/llama-models-v2/TinyLlama-1.1B-Chat-v1.0",
        "model_path": "/home/scratch.trt_llm_data_ci/llm-models/llama-models-v2/TinyLlama-1.1B-Chat-v1.0",
        "engine_dir": "None",
        "revision": null,
        "version": "1.2",
        "backend": "Pytorch",
        "dtype": "bfloat16",
        "kv_cache_dtype": null,
        "quantization": null
    },
    "machine": {
        "name": "NVIDIA L40S",
        "memory.total": 44.39404296875,
        "clocks.mem": 9.001
    },
    "world_info": {
        "tp_size": 1,
        "pp_size": 1,
        "ep_size": null,
        "world_size": 1,
        "max_batch_size": 1,
        "max_num_tokens": 24576,
        "scheduling_policy": "GUARANTEED_NO_EVICT",
        "kv_cache_percentage": 0.9,
        "issue_rate": 7.90301985625e+16
    },
    "request_info": {
        "num_requests": 16,
        "avg_num_concurrent_requests": 0.9995700474670649,
        "avg_input_length": 100.0,
        "avg_output_length": 200.0
    },
    "performance": {
        "total_latency_ms": 1348.3953589999999,
        "avg_request_latency_ms": 84.2384758125,
        "request_throughput_req_s": 11.86595599963052,
        "system_output_throughput_tok_s": 2373.191199926104,
        "system_total_throughput_tok_s": 3559.786799889156,
        "output_throughput_per_user_tok_s": 2374.2485978485256,
        "output_throughput_per_gpu_tok_s": 2373.191199926104,
        "request_latency_percentiles_ms": {
            "p50": 84.218499,
            "p90": 84.48460899999999,
            "p95": 85.299263,
            "p99": 85.299263,
            "minimum": 83.846172,
            "maximum": 85.299263,
            "average": 84.2384758125
        }
    },
    "energy": {
        "total_energy_j": 289.743,
        "output_tps_per_w": 11.044270267098774,
        "average_gpu_power": 214.8798555750591
    },
    "streaming_metrics": {
        "token_output_speed_tok_s": 2730.813844536937,
        "avg_ttft_ms": 11.363767874999999,
        "avg_tpot_ms": 0.3662045625,
        "tpot_percentiles": {
            "p50": 0.36694693969849246,
            "p90": 0.3676037185929648,
            "p95": 0.3677355778894472,
            "p99": 0.3677355778894472,
            "minimum": 0.35810714070351757,
            "maximum": 0.3677355778894472,
            "average": 0.3662045625
        },
        "ttft_percentiles": {
            "p50": 11.331469,
            "p90": 12.224402999999999,
            "p95": 12.832628999999999,
            "p99": 12.832628999999999,
            "minimum": 10.732802,
            "maximum": 12.832628999999999,
            "average": 11.363767874999999
        },
        "gen_tps_percentiles": {
            "p50": 2726.7475574370874,
            "p90": 2737.601752461317,
            "p95": 2792.4603738296173,
            "p99": 2792.4603738296173,
            "minimum": 2719.3452581861175,
            "maximum": 2792.4603738296173,
            "average": 2730.813844536937
        }
    },
    "dataset": {
        "isl_stats": {
            "p50": 100.0,
            "p90": 100.0,
            "p95": 100.0,
            "p99": 100.0,
            "minimum": 100.0,
            "maximum": 100.0,
            "average": 100.0
        },
        "osl_stats": {
            "p50": 20.0,
            "p90": 20.0,
            "p95": 20.0,
            "p99": 20.0,
            "minimum": 20.0,
            "maximum": 20.0,
            "average": 20.0
        },
        "seq_len_stats": {
            "p50": 120.0,
            "p90": 120.0,
            "p95": 120.0,
            "p99": 120.0,
            "minimum": 120.0,
            "maximum": 120.0,
            "average": 120.0
        },
        "num_requests": 16,
        "dataset_path": "/home/scratch.bbuddharaju_gpu/TensorRT-LLM/perf_repro/beam_search_handoff/dataset_isl100_osl20.jsonl",
        "max_isl": 100,
        "max_osl": 20,
        "max_sequence_length": 120,
        "avg_isl": 100,
        "avg_osl": 20,
        "avg_sequence_length": 120
    }
}