{
    "engine": {
        "model": "/home/scratch.trt_llm_data_ci/llm-models/llama-models-v2/TinyLlama-1.1B-Chat-v1.0",
        "model_path": "/home/scratch.trt_llm_data_ci/llm-models/llama-models-v2/TinyLlama-1.1B-Chat-v1.0",
        "engine_dir": "None",
        "revision": null,
        "version": "1.2",
        "backend": "Pytorch",
        "dtype": "bfloat16",
        "kv_cache_dtype": null,
        "quantization": null
    },
    "machine": {
        "name": "NVIDIA L40S",
        "memory.total": 44.39404296875,
        "clocks.mem": 9.001
    },
    "world_info": {
        "tp_size": 1,
        "pp_size": 1,
        "ep_size": null,
        "world_size": 1,
        "max_batch_size": 1,
        "max_num_tokens": 24576,
        "scheduling_policy": "GUARANTEED_NO_EVICT",
        "kv_cache_percentage": 0.9,
        "issue_rate": 7.89895468125e+16
    },
    "request_info": {
        "num_requests": 16,
        "avg_num_concurrent_requests": 0.9995615329810453,
        "avg_input_length": 100.0,
        "avg_output_length": 200.0
    },
    "performance": {
        "total_latency_ms": 1347.802627,
        "avg_request_latency_ms": 84.20072875,
        "request_throughput_req_s": 11.87117436891596,
        "system_output_throughput_tok_s": 2374.234873783192,
        "system_total_throughput_tok_s": 3561.3523106747884,
        "output_throughput_per_user_tok_s": 2375.2926689095284,
        "output_throughput_per_gpu_tok_s": 2374.234873783192,
        "request_latency_percentiles_ms": {
            "p50": 84.19544599999999,
            "p90": 84.38808399999999,
            "p95": 84.891319,
            "p99": 84.891319,
            "minimum": 83.92523899999999,
            "maximum": 84.891319,
            "average": 84.20072875
        }
    },
    "energy": {
        "total_energy_j": 285.802,
        "output_tps_per_w": 11.196562655264833,
        "average_gpu_power": 212.0503360615575
    },
    "streaming_metrics": {
        "token_output_speed_tok_s": 2656.008876668994,
        "avg_ttft_ms": 9.275413,
        "avg_tpot_ms": 0.3765091243718593,
        "tpot_percentiles": {
            "p50": 0.37680477889447234,
            "p90": 0.3776488894472362,
            "p95": 0.37846436180904525,
            "p99": 0.37846436180904525,
            "minimum": 0.3733849195979899,
            "maximum": 0.37846436180904525,
            "average": 0.3765091243718593
        },
        "ttft_percentiles": {
            "p50": 9.201144,
            "p90": 9.860717,
            "p95": 10.58772,
            "p99": 10.58772,
            "minimum": 8.961727,
            "maximum": 10.58772,
            "average": 9.275413
        },
        "gen_tps_percentiles": {
            "p50": 2654.806184407026,
            "p90": 2675.42600243574,
            "p95": 2678.201361417231,
            "p99": 2678.201361417231,
            "minimum": 2642.2567113586024,
            "maximum": 2678.201361417231,
            "average": 2656.008876668994
        }
    },
    "dataset": {
        "isl_stats": {
            "p50": 100.0,
            "p90": 100.0,
            "p95": 100.0,
            "p99": 100.0,
            "minimum": 100.0,
            "maximum": 100.0,
            "average": 100.0
        },
        "osl_stats": {
            "p50": 20.0,
            "p90": 20.0,
            "p95": 20.0,
            "p99": 20.0,
            "minimum": 20.0,
            "maximum": 20.0,
            "average": 20.0
        },
        "seq_len_stats": {
            "p50": 120.0,
            "p90": 120.0,
            "p95": 120.0,
            "p99": 120.0,
            "minimum": 120.0,
            "maximum": 120.0,
            "average": 120.0
        },
        "num_requests": 16,
        "dataset_path": "/home/scratch.bbuddharaju_gpu/TensorRT-LLM/nvbugs_5615248/trtllm_bench/dataset_isl100_osl20.jsonl",
        "max_isl": 100,
        "max_osl": 20,
        "max_sequence_length": 120,
        "avg_isl": 100,
        "avg_osl": 20,
        "avg_sequence_length": 120
    }
}