{
    "engine": {
        "model": "/home/scratch.trt_llm_data_ci/llm-models/llama-models-v2/TinyLlama-1.1B-Chat-v1.0",
        "model_path": "None",
        "engine_dir": "/home/scratch.bbuddharaju_gpu/TensorRT-LLM/nvbugs_5615248/tinyllama_trt_engine",
        "revision": null,
        "version": "1.3.0rc13",
        "backend": "TRT",
        "dtype": "bfloat16",
        "kv_cache_dtype": null,
        "quantization": null,
        "max_input_length": 129,
        "max_sequence_length": 129
    },
    "machine": {
        "name": "NVIDIA L40S",
        "memory.total": 44.39404296875,
        "clocks.mem": 9.001
    },
    "world_info": {
        "tp_size": 1,
        "pp_size": 1,
        "ep_size": 1,
        "world_size": 1,
        "max_batch_size": 1,
        "max_num_tokens": 129,
        "scheduling_policy": "GUARANTEED_NO_EVICT",
        "kv_cache_percentage": 0.9,
        "issue_rate": 7.5649832375e+16
    },
    "request_info": {
        "num_requests": 16,
        "avg_num_concurrent_requests": 0.9995594622098293,
        "avg_input_length": 100.0,
        "avg_output_length": 200.0
    },
    "performance": {
        "total_latency_ms": 1290.8200219999999,
        "avg_request_latency_ms": 80.64071043749999,
        "request_throughput_req_s": 12.395221430799902,
        "system_output_throughput_tok_s": 2479.0442861599804,
        "system_total_throughput_tok_s": 3718.56642923997,
        "output_throughput_per_user_tok_s": 2480.215533326202,
        "output_throughput_per_gpu_tok_s": 2479.0442861599804,
        "request_latency_percentiles_ms": {
            "p50": 80.49333299999999,
            "p90": 81.077767,
            "p95": 82.09429899999999,
            "p99": 82.09429899999999,
            "minimum": 80.005707,
            "maximum": 82.09429899999999,
            "average": 80.64071043749999
        }
    },
    "energy": {
        "total_energy_j": 305.236,
        "output_tps_per_w": 10.483691307709444,
        "average_gpu_power": 236.46673804072742
    },
    "streaming_metrics": {
        "token_output_speed_tok_s": 2666.296358084953,
        "avg_ttft_ms": 6.0028811875,
        "avg_tpot_ms": 0.3750644685929648,
        "tpot_percentiles": {
            "p50": 0.37487707035175877,
            "p90": 0.3766921256281407,
            "p95": 0.381345,
            "p99": 0.381345,
            "minimum": 0.3706500703517588,
            "maximum": 0.381345,
            "average": 0.3750644685929648
        },
        "ttft_percentiles": {
            "p50": 6.0090259999999995,
            "p90": 6.206644,
            "p95": 6.6102099999999995,
            "p99": 6.6102099999999995,
            "minimum": 5.651189,
            "maximum": 6.6102099999999995,
            "average": 6.0028811875
        },
        "gen_tps_percentiles": {
            "p50": 2669.4311778857023,
            "p90": 2681.826488251983,
            "p95": 2697.9625258157052,
            "p99": 2697.9625258157052,
            "minimum": 2622.2973947475384,
            "maximum": 2697.9625258157052,
            "average": 2666.296358084953
        }
    },
    "dataset": {
        "isl_stats": {
            "p50": 100.0,
            "p90": 100.0,
            "p95": 100.0,
            "p99": 100.0,
            "minimum": 100.0,
            "maximum": 100.0,
            "average": 100.0
        },
        "osl_stats": {
            "p50": 20.0,
            "p90": 20.0,
            "p95": 20.0,
            "p99": 20.0,
            "minimum": 20.0,
            "maximum": 20.0,
            "average": 20.0
        },
        "seq_len_stats": {
            "p50": 120.0,
            "p90": 120.0,
            "p95": 120.0,
            "p99": 120.0,
            "minimum": 120.0,
            "maximum": 120.0,
            "average": 120.0
        },
        "num_requests": 16,
        "dataset_path": "/home/scratch.bbuddharaju_gpu/TensorRT-LLM/nvbugs_5615248/trtllm_bench/dataset_isl100_osl20.jsonl",
        "max_isl": 100,
        "max_osl": 20,
        "max_sequence_length": 120,
        "avg_isl": 100,
        "avg_osl": 20,
        "avg_sequence_length": 120
    }
}