{
    "engine": {
        "model": "/home/scratch.trt_llm_data_ci/llm-models/llama-models-v2/TinyLlama-1.1B-Chat-v1.0",
        "model_path": "/home/scratch.trt_llm_data_ci/llm-models/llama-models-v2/TinyLlama-1.1B-Chat-v1.0",
        "engine_dir": "None",
        "revision": null,
        "version": "1.2",
        "backend": "Pytorch",
        "dtype": "bfloat16",
        "kv_cache_dtype": null,
        "quantization": null
    },
    "machine": {
        "name": "NVIDIA L40S",
        "memory.total": 44.39404296875,
        "clocks.mem": 9.001
    },
    "world_info": {
        "tp_size": 1,
        "pp_size": 1,
        "ep_size": null,
        "world_size": 1,
        "max_batch_size": 1,
        "max_num_tokens": 24576,
        "scheduling_policy": "GUARANTEED_NO_EVICT",
        "kv_cache_percentage": 0.9,
        "issue_rate": 7.8879306125e+16
    },
    "request_info": {
        "num_requests": 16,
        "avg_num_concurrent_requests": 0.9995698543461149,
        "avg_input_length": 100.0,
        "avg_output_length": 200.0
    },
    "performance": {
        "total_latency_ms": 1346.557834,
        "avg_request_latency_ms": 84.12366362499999,
        "request_throughput_req_s": 11.882148390516141,
        "system_output_throughput_tok_s": 2376.429678103228,
        "system_total_throughput_tok_s": 3564.644517154842,
        "output_throughput_per_user_tok_s": 2377.4706961761835,
        "output_throughput_per_gpu_tok_s": 2376.429678103228,
        "request_latency_percentiles_ms": {
            "p50": 84.06418,
            "p90": 84.488936,
            "p95": 84.749383,
            "p99": 84.749383,
            "minimum": 83.809483,
            "maximum": 84.749383,
            "average": 84.12366362499999
        }
    },
    "energy": {
        "total_energy_j": 308.829,
        "output_tps_per_w": 10.36172121141473,
        "average_gpu_power": 229.34700033091931
    },
    "streaming_metrics": {
        "token_output_speed_tok_s": 2659.1853347376095,
        "avg_ttft_ms": 9.286091687499999,
        "avg_tpot_ms": 0.37606820069095476,
        "tpot_percentiles": {
            "p50": 0.376849432160804,
            "p90": 0.37723716582914574,
            "p95": 0.3772976633165829,
            "p99": 0.3772976633165829,
            "minimum": 0.3679845527638191,
            "maximum": 0.3772976633165829,
            "average": 0.37606820069095476
        },
        "ttft_percentiles": {
            "p50": 9.088773999999999,
            "p90": 9.679186999999999,
            "p95": 11.047623,
            "p99": 11.047623,
            "minimum": 8.844225999999999,
            "maximum": 11.047623,
            "average": 9.286091687499999
        },
        "gen_tps_percentiles": {
            "p50": 2654.5630331127927,
            "p90": 2673.5510112592506,
            "p95": 2717.505374856925,
            "p99": 2717.505374856925,
            "minimum": 2650.427228225159,
            "maximum": 2717.505374856925,
            "average": 2659.1853347376095
        }
    },
    "dataset": {
        "isl_stats": {
            "p50": 100.0,
            "p90": 100.0,
            "p95": 100.0,
            "p99": 100.0,
            "minimum": 100.0,
            "maximum": 100.0,
            "average": 100.0
        },
        "osl_stats": {
            "p50": 20.0,
            "p90": 20.0,
            "p95": 20.0,
            "p99": 20.0,
            "minimum": 20.0,
            "maximum": 20.0,
            "average": 20.0
        },
        "seq_len_stats": {
            "p50": 120.0,
            "p90": 120.0,
            "p95": 120.0,
            "p99": 120.0,
            "minimum": 120.0,
            "maximum": 120.0,
            "average": 120.0
        },
        "num_requests": 16,
        "dataset_path": "/home/scratch.bbuddharaju_gpu/TensorRT-LLM/nvbugs_5615248/trtllm_bench/dataset_isl100_osl20.jsonl",
        "max_isl": 100,
        "max_osl": 20,
        "max_sequence_length": 120,
        "avg_isl": 100,
        "avg_osl": 20,
        "avg_sequence_length": 120
    }
}