{
    "engine": {
        "model": "/home/scratch.trt_llm_data_ci/llm-models/llama-models-v2/TinyLlama-1.1B-Chat-v1.0",
        "model_path": "None",
        "engine_dir": "/home/scratch.bbuddharaju_gpu/TensorRT-LLM/nvbugs_5615248/tinyllama_trt_engine",
        "revision": null,
        "version": "1.3.0rc13",
        "backend": "TRT",
        "dtype": "bfloat16",
        "kv_cache_dtype": null,
        "quantization": null,
        "max_input_length": 129,
        "max_sequence_length": 129
    },
    "machine": {
        "name": "NVIDIA L40S",
        "memory.total": 44.39404296875,
        "clocks.mem": 9.001
    },
    "world_info": {
        "tp_size": 1,
        "pp_size": 1,
        "ep_size": 1,
        "world_size": 1,
        "max_batch_size": 1,
        "max_num_tokens": 129,
        "scheduling_policy": "GUARANTEED_NO_EVICT",
        "kv_cache_percentage": 0.9,
        "issue_rate": 7.5502931e+16
    },
    "request_info": {
        "num_requests": 16,
        "avg_num_concurrent_requests": 0.9995562249092489,
        "avg_input_length": 100.0,
        "avg_output_length": 200.0
    },
    "performance": {
        "total_latency_ms": 1288.188571,
        "avg_request_latency_ms": 80.47605656249999,
        "request_throughput_req_s": 12.420541805909252,
        "system_output_throughput_tok_s": 2484.108361181851,
        "system_total_throughput_tok_s": 3726.162541772776,
        "output_throughput_per_user_tok_s": 2485.241041604285,
        "output_throughput_per_gpu_tok_s": 2484.108361181851,
        "request_latency_percentiles_ms": {
            "p50": 80.45155199999999,
            "p90": 80.811168,
            "p95": 81.377304,
            "p99": 81.377304,
            "minimum": 80.14167499999999,
            "maximum": 81.377304,
            "average": 80.47605656249999
        }
    },
    "energy": {
        "total_energy_j": 284.51,
        "output_tps_per_w": 11.247407823978067,
        "average_gpu_power": 220.8605218249526
    },
    "streaming_metrics": {
        "token_output_speed_tok_s": 2668.1626174264584,
        "avg_ttft_ms": 5.891034749999999,
        "avg_tpot_ms": 0.37479910458542715,
        "tpot_percentiles": {
            "p50": 0.37492349246231155,
            "p90": 0.37707683417085425,
            "p95": 0.37892109547738695,
            "p99": 0.37892109547738695,
            "minimum": 0.3707651356783919,
            "maximum": 0.37892109547738695,
            "average": 0.37479910458542715
        },
        "ttft_percentiles": {
            "p50": 5.868147,
            "p90": 6.532111,
            "p95": 6.547480999999999,
            "p99": 6.547480999999999,
            "minimum": 5.47853,
            "maximum": 6.547480999999999,
            "average": 5.891034749999999
        },
        "gen_tps_percentiles": {
            "p50": 2667.7368000148535,
            "p90": 2694.6290261566014,
            "p95": 2697.1252250303737,
            "p99": 2697.1252250303737,
            "minimum": 2639.0718593804904,
            "maximum": 2697.1252250303737,
            "average": 2668.1626174264584
        }
    },
    "dataset": {
        "isl_stats": {
            "p50": 100.0,
            "p90": 100.0,
            "p95": 100.0,
            "p99": 100.0,
            "minimum": 100.0,
            "maximum": 100.0,
            "average": 100.0
        },
        "osl_stats": {
            "p50": 20.0,
            "p90": 20.0,
            "p95": 20.0,
            "p99": 20.0,
            "minimum": 20.0,
            "maximum": 20.0,
            "average": 20.0
        },
        "seq_len_stats": {
            "p50": 120.0,
            "p90": 120.0,
            "p95": 120.0,
            "p99": 120.0,
            "minimum": 120.0,
            "maximum": 120.0,
            "average": 120.0
        },
        "num_requests": 16,
        "dataset_path": "/home/scratch.bbuddharaju_gpu/TensorRT-LLM/nvbugs_5615248/trtllm_bench/dataset_isl100_osl20.jsonl",
        "max_isl": 100,
        "max_osl": 20,
        "max_sequence_length": 120,
        "avg_isl": 100,
        "avg_osl": 20,
        "avg_sequence_length": 120
    }
}