{
    "engine": {
        "model": "/home/scratch.trt_llm_data_ci/llm-models/llama-models-v2/TinyLlama-1.1B-Chat-v1.0",
        "model_path": "/home/scratch.trt_llm_data_ci/llm-models/llama-models-v2/TinyLlama-1.1B-Chat-v1.0",
        "engine_dir": "None",
        "revision": null,
        "version": "1.2",
        "backend": "Pytorch",
        "dtype": "bfloat16",
        "kv_cache_dtype": null,
        "quantization": null
    },
    "machine": {
        "name": "NVIDIA L40S",
        "memory.total": 44.39404296875,
        "clocks.mem": 9.001
    },
    "world_info": {
        "tp_size": 1,
        "pp_size": 1,
        "ep_size": null,
        "world_size": 1,
        "max_batch_size": 1,
        "max_num_tokens": 24576,
        "scheduling_policy": "GUARANTEED_NO_EVICT",
        "kv_cache_percentage": 0.9,
        "issue_rate": 7.89367885e+16
    },
    "request_info": {
        "num_requests": 16,
        "avg_num_concurrent_requests": 0.9995661843428767,
        "avg_input_length": 100.0,
        "avg_output_length": 200.0
    },
    "performance": {
        "total_latency_ms": 1347.5424189999999,
        "avg_request_latency_ms": 84.184864625,
        "request_throughput_req_s": 11.873466671181651,
        "system_output_throughput_tok_s": 2374.6933342363304,
        "system_total_throughput_tok_s": 3562.0400013544954,
        "output_throughput_per_user_tok_s": 2375.733576286797,
        "output_throughput_per_gpu_tok_s": 2374.6933342363304,
        "request_latency_percentiles_ms": {
            "p50": 84.169246,
            "p90": 84.473964,
            "p95": 84.553803,
            "p99": 84.553803,
            "minimum": 83.84163,
            "maximum": 84.553803,
            "average": 84.184864625
        }
    },
    "energy": {
        "total_energy_j": 324.193,
        "output_tps_per_w": 9.870663462813818,
        "average_gpu_power": 240.58092378314956
    },
    "streaming_metrics": {
        "token_output_speed_tok_s": 2720.4207955015413,
        "avg_ttft_ms": 11.033995625,
        "avg_tpot_ms": 0.3675923065326633,
        "tpot_percentiles": {
            "p50": 0.36744605527638186,
            "p90": 0.36890408040201006,
            "p95": 0.37013271356783917,
            "p99": 0.37013271356783917,
            "minimum": 0.3660479748743718,
            "maximum": 0.37013271356783917,
            "average": 0.3675923065326633
        },
        "ttft_percentiles": {
            "p50": 11.051611999999999,
            "p90": 11.205150999999999,
            "p95": 11.252730999999999,
            "p99": 11.252730999999999,
            "minimum": 10.759554999999999,
            "maximum": 11.252730999999999,
            "average": 11.033995625
        },
        "gen_tps_percentiles": {
            "p50": 2721.7812693414016,
            "p90": 2725.496298837658,
            "p95": 2731.882345048354,
            "p99": 2731.882345048354,
            "minimum": 2701.7336305149815,
            "maximum": 2731.882345048354,
            "average": 2720.4207955015413
        }
    },
    "dataset": {
        "isl_stats": {
            "p50": 100.0,
            "p90": 100.0,
            "p95": 100.0,
            "p99": 100.0,
            "minimum": 100.0,
            "maximum": 100.0,
            "average": 100.0
        },
        "osl_stats": {
            "p50": 20.0,
            "p90": 20.0,
            "p95": 20.0,
            "p99": 20.0,
            "minimum": 20.0,
            "maximum": 20.0,
            "average": 20.0
        },
        "seq_len_stats": {
            "p50": 120.0,
            "p90": 120.0,
            "p95": 120.0,
            "p99": 120.0,
            "minimum": 120.0,
            "maximum": 120.0,
            "average": 120.0
        },
        "num_requests": 16,
        "dataset_path": "/home/scratch.bbuddharaju_gpu/TensorRT-LLM/nvbugs_5615248/trtllm_bench/dataset_isl100_osl20.jsonl",
        "max_isl": 100,
        "max_osl": 20,
        "max_sequence_length": 120,
        "avg_isl": 100,
        "avg_osl": 20,
        "avg_sequence_length": 120
    }
}