{
    "engine": {
        "model": "/home/scratch.trt_llm_data_ci/llm-models/llama-models-v2/TinyLlama-1.1B-Chat-v1.0",
        "model_path": "None",
        "engine_dir": "/home/scratch.bbuddharaju_gpu/TensorRT-LLM/nvbugs_5615248/tinyllama_trt_engine",
        "revision": null,
        "version": "1.3.0rc13",
        "backend": "TRT",
        "dtype": "bfloat16",
        "kv_cache_dtype": null,
        "quantization": null,
        "max_input_length": 129,
        "max_sequence_length": 129
    },
    "machine": {
        "name": "NVIDIA L40S",
        "memory.total": 44.39404296875,
        "clocks.mem": 9.001
    },
    "world_info": {
        "tp_size": 1,
        "pp_size": 1,
        "ep_size": 1,
        "world_size": 1,
        "max_batch_size": 1,
        "max_num_tokens": 129,
        "scheduling_policy": "GUARANTEED_NO_EVICT",
        "kv_cache_percentage": 0.9,
        "issue_rate": 7.533489375e+16
    },
    "request_info": {
        "num_requests": 16,
        "avg_num_concurrent_requests": 0.9995658535405822,
        "avg_input_length": 100.0,
        "avg_output_length": 200.0
    },
    "performance": {
        "total_latency_ms": 1285.780381,
        "avg_request_latency_ms": 80.32638525,
        "request_throughput_req_s": 12.443804740243584,
        "system_output_throughput_tok_s": 2488.7609480487167,
        "system_total_throughput_tok_s": 3733.141422073075,
        "output_throughput_per_user_tok_s": 2489.858030307436,
        "output_throughput_per_gpu_tok_s": 2488.7609480487167,
        "request_latency_percentiles_ms": {
            "p50": 80.325361,
            "p90": 80.624949,
            "p95": 80.638419,
            "p99": 80.638419,
            "minimum": 79.82998599999999,
            "maximum": 80.638419,
            "average": 80.32638525
        }
    },
    "energy": {
        "total_energy_j": 308.667,
        "output_tps_per_w": 10.36715943071336,
        "average_gpu_power": 240.06199235979787
    },
    "streaming_metrics": {
        "token_output_speed_tok_s": 2669.2362041869333,
        "avg_ttft_ms": 5.7728433125,
        "avg_tpot_ms": 0.374640914258794,
        "tpot_percentiles": {
            "p50": 0.3748709748743718,
            "p90": 0.3755791557788945,
            "p95": 0.3762444271356784,
            "p99": 0.3762444271356784,
            "minimum": 0.37271395979899496,
            "maximum": 0.3762444271356784,
            "average": 0.374640914258794
        },
        "ttft_percentiles": {
            "p50": 5.818597,
            "p90": 5.898167,
            "p95": 6.118874,
            "p99": 6.118874,
            "minimum": 5.355371,
            "maximum": 6.118874,
            "average": 5.7728433125
        },
        "gen_tps_percentiles": {
            "p50": 2668.1850561444458,
            "p90": 2677.05579556011,
            "p95": 2683.022660431879,
            "p99": 2683.022660431879,
            "minimum": 2657.8466759306643,
            "maximum": 2683.022660431879,
            "average": 2669.2362041869333
        }
    },
    "dataset": {
        "isl_stats": {
            "p50": 100.0,
            "p90": 100.0,
            "p95": 100.0,
            "p99": 100.0,
            "minimum": 100.0,
            "maximum": 100.0,
            "average": 100.0
        },
        "osl_stats": {
            "p50": 20.0,
            "p90": 20.0,
            "p95": 20.0,
            "p99": 20.0,
            "minimum": 20.0,
            "maximum": 20.0,
            "average": 20.0
        },
        "seq_len_stats": {
            "p50": 120.0,
            "p90": 120.0,
            "p95": 120.0,
            "p99": 120.0,
            "minimum": 120.0,
            "maximum": 120.0,
            "average": 120.0
        },
        "num_requests": 16,
        "dataset_path": "/home/scratch.bbuddharaju_gpu/TensorRT-LLM/nvbugs_5615248/trtllm_bench/dataset_isl100_osl20.jsonl",
        "max_isl": 100,
        "max_osl": 20,
        "max_sequence_length": 120,
        "avg_isl": 100,
        "avg_osl": 20,
        "avg_sequence_length": 120
    }
}