{
    "engine": {
        "model": "/home/scratch.trt_llm_data_ci/llm-models/llama-models-v2/TinyLlama-1.1B-Chat-v1.0",
        "model_path": "/home/scratch.trt_llm_data_ci/llm-models/llama-models-v2/TinyLlama-1.1B-Chat-v1.0",
        "engine_dir": "None",
        "revision": null,
        "version": "1.2",
        "backend": "Pytorch",
        "dtype": "bfloat16",
        "kv_cache_dtype": null,
        "quantization": null
    },
    "machine": {
        "name": "NVIDIA L40S",
        "memory.total": 44.39404296875,
        "clocks.mem": 9.001
    },
    "world_info": {
        "tp_size": 1,
        "pp_size": 1,
        "ep_size": null,
        "world_size": 1,
        "max_batch_size": 1,
        "max_num_tokens": 24576,
        "scheduling_policy": "GUARANTEED_NO_EVICT",
        "kv_cache_percentage": 0.9,
        "issue_rate": 7.88004985625e+16
    },
    "request_info": {
        "num_requests": 16,
        "avg_num_concurrent_requests": 0.999569286990021,
        "avg_input_length": 100.0,
        "avg_output_length": 200.0
    },
    "performance": {
        "total_latency_ms": 1344.642457,
        "avg_request_latency_ms": 84.003956375,
        "request_throughput_req_s": 11.899073926088294,
        "system_output_throughput_tok_s": 2379.814785217659,
        "system_total_throughput_tok_s": 3569.7221778264884,
        "output_throughput_per_user_tok_s": 2380.853016474902,
        "output_throughput_per_gpu_tok_s": 2379.814785217659,
        "request_latency_percentiles_ms": {
            "p50": 83.972719,
            "p90": 84.304716,
            "p95": 84.30500699999999,
            "p99": 84.30500699999999,
            "minimum": 83.739921,
            "maximum": 84.30500699999999,
            "average": 84.003956375
        }
    },
    "energy": {
        "total_energy_j": 324.532,
        "output_tps_per_w": 9.860352754119779,
        "average_gpu_power": 241.35189121133038
    },
    "streaming_metrics": {
        "token_output_speed_tok_s": 2722.2618921280905,
        "avg_ttft_ms": 10.9016963125,
        "avg_tpot_ms": 0.36734804051507536,
        "tpot_percentiles": {
            "p50": 0.3676083216080402,
            "p90": 0.36918433668341705,
            "p95": 0.36947710050251253,
            "p99": 0.36947710050251253,
            "minimum": 0.36326012060301505,
            "maximum": 0.36947710050251253,
            "average": 0.36734804051507536
        },
        "ttft_percentiles": {
            "p50": 10.818662999999999,
            "p90": 11.296928999999999,
            "p95": 11.596736,
            "p99": 11.596736,
            "minimum": 10.652035,
            "maximum": 11.596736,
            "average": 10.9016963125
        },
        "gen_tps_percentiles": {
            "p50": 2721.4409863180445,
            "p90": 2741.5947355098833,
            "p95": 2752.8482849699853,
            "p99": 2752.8482849699853,
            "minimum": 2706.5276809846564,
            "maximum": 2752.8482849699853,
            "average": 2722.2618921280905
        }
    },
    "dataset": {
        "isl_stats": {
            "p50": 100.0,
            "p90": 100.0,
            "p95": 100.0,
            "p99": 100.0,
            "minimum": 100.0,
            "maximum": 100.0,
            "average": 100.0
        },
        "osl_stats": {
            "p50": 20.0,
            "p90": 20.0,
            "p95": 20.0,
            "p99": 20.0,
            "minimum": 20.0,
            "maximum": 20.0,
            "average": 20.0
        },
        "seq_len_stats": {
            "p50": 120.0,
            "p90": 120.0,
            "p95": 120.0,
            "p99": 120.0,
            "minimum": 120.0,
            "maximum": 120.0,
            "average": 120.0
        },
        "num_requests": 16,
        "dataset_path": "/home/scratch.bbuddharaju_gpu/TensorRT-LLM/nvbugs_5615248/trtllm_bench/dataset_isl100_osl20.jsonl",
        "max_isl": 100,
        "max_osl": 20,
        "max_sequence_length": 120,
        "avg_isl": 100,
        "avg_osl": 20,
        "avg_sequence_length": 120
    }
}