{
    "engine": {
        "model": "/home/scratch.trt_llm_data_ci/llm-models/llama-models-v2/TinyLlama-1.1B-Chat-v1.0",
        "model_path": "/home/scratch.trt_llm_data_ci/llm-models/llama-models-v2/TinyLlama-1.1B-Chat-v1.0",
        "engine_dir": "None",
        "revision": null,
        "version": "1.2",
        "backend": "Pytorch",
        "dtype": "bfloat16",
        "kv_cache_dtype": null,
        "quantization": null
    },
    "machine": {
        "name": "NVIDIA L40S",
        "memory.total": 44.39404296875,
        "clocks.mem": 9.001
    },
    "world_info": {
        "tp_size": 1,
        "pp_size": 1,
        "ep_size": null,
        "world_size": 1,
        "max_batch_size": 1,
        "max_num_tokens": 24576,
        "scheduling_policy": "GUARANTEED_NO_EVICT",
        "kv_cache_percentage": 0.9,
        "issue_rate": 7.8948283625e+16
    },
    "request_info": {
        "num_requests": 16,
        "avg_num_concurrent_requests": 0.9995440470131746,
        "avg_input_length": 100.0,
        "avg_output_length": 200.0
    },
    "performance": {
        "total_latency_ms": 1347.404267,
        "avg_request_latency_ms": 84.174369625,
        "request_throughput_req_s": 11.874684080987848,
        "system_output_throughput_tok_s": 2374.9368161975694,
        "system_total_throughput_tok_s": 3562.4052242963544,
        "output_throughput_per_user_tok_s": 2376.0278286046487,
        "output_throughput_per_gpu_tok_s": 2374.9368161975694,
        "request_latency_percentiles_ms": {
            "p50": 84.21159,
            "p90": 84.446018,
            "p95": 84.475537,
            "p99": 84.475537,
            "minimum": 83.897722,
            "maximum": 84.475537,
            "average": 84.174369625
        }
    },
    "energy": {
        "total_energy_j": 300.554,
        "output_tps_per_w": 10.647005197069413,
        "average_gpu_power": 223.06148745482636
    },
    "streaming_metrics": {
        "token_output_speed_tok_s": 2733.0685347085237,
        "avg_ttft_ms": 11.35927575,
        "avg_tpot_ms": 0.3659049943467337,
        "tpot_percentiles": {
            "p50": 0.3667952613065326,
            "p90": 0.3677740452261306,
            "p95": 0.3679496231155779,
            "p99": 0.3679496231155779,
            "minimum": 0.35955618090452257,
            "maximum": 0.3679496231155779,
            "average": 0.3659049943467337
        },
        "ttft_percentiles": {
            "p50": 11.169872999999999,
            "p90": 12.620659999999999,
            "p95": 12.894338,
            "p99": 12.894338,
            "minimum": 10.860795999999999,
            "maximum": 12.894338,
            "average": 11.35927575
        },
        "gen_tps_percentiles": {
            "p50": 2727.534004844895,
            "p90": 2777.150244163142,
            "p95": 2781.206534912947,
            "p99": 2781.206534912947,
            "minimum": 2717.763349049244,
            "maximum": 2781.206534912947,
            "average": 2733.0685347085237
        }
    },
    "dataset": {
        "isl_stats": {
            "p50": 100.0,
            "p90": 100.0,
            "p95": 100.0,
            "p99": 100.0,
            "minimum": 100.0,
            "maximum": 100.0,
            "average": 100.0
        },
        "osl_stats": {
            "p50": 20.0,
            "p90": 20.0,
            "p95": 20.0,
            "p99": 20.0,
            "minimum": 20.0,
            "maximum": 20.0,
            "average": 20.0
        },
        "seq_len_stats": {
            "p50": 120.0,
            "p90": 120.0,
            "p95": 120.0,
            "p99": 120.0,
            "minimum": 120.0,
            "maximum": 120.0,
            "average": 120.0
        },
        "num_requests": 16,
        "dataset_path": "/home/scratch.bbuddharaju_gpu/TensorRT-LLM/nvbugs_5615248/trtllm_bench/dataset_isl100_osl20.jsonl",
        "max_isl": 100,
        "max_osl": 20,
        "max_sequence_length": 120,
        "avg_isl": 100,
        "avg_osl": 20,
        "avg_sequence_length": 120
    }
}