{
    "engine": {
        "model": "/home/scratch.trt_llm_data_ci/llm-models/llama-models-v2/TinyLlama-1.1B-Chat-v1.0",
        "model_path": "None",
        "engine_dir": "/home/scratch.bbuddharaju_gpu/TensorRT-LLM/nvbugs_5615248/tinyllama_trt_engine",
        "revision": null,
        "version": "1.3.0rc13",
        "backend": "TRT",
        "dtype": "bfloat16",
        "kv_cache_dtype": null,
        "quantization": null,
        "max_input_length": 129,
        "max_sequence_length": 129
    },
    "machine": {
        "name": "NVIDIA L40S",
        "memory.total": 44.39404296875,
        "clocks.mem": 9.001
    },
    "world_info": {
        "tp_size": 1,
        "pp_size": 1,
        "ep_size": 1,
        "world_size": 1,
        "max_batch_size": 1,
        "max_num_tokens": 129,
        "scheduling_policy": "GUARANTEED_NO_EVICT",
        "kv_cache_percentage": 0.9,
        "issue_rate": 7.54088614375e+16
    },
    "request_info": {
        "num_requests": 16,
        "avg_num_concurrent_requests": 0.9995431988428415,
        "avg_input_length": 100.0,
        "avg_output_length": 200.0
    },
    "performance": {
        "total_latency_ms": 1287.0063719999998,
        "avg_request_latency_ms": 80.40115412499999,
        "request_throughput_req_s": 12.431950880815064,
        "system_output_throughput_tok_s": 2486.3901761630127,
        "system_total_throughput_tok_s": 3729.5852642445193,
        "output_throughput_per_user_tok_s": 2487.5600978876687,
        "output_throughput_per_gpu_tok_s": 2486.3901761630127,
        "request_latency_percentiles_ms": {
            "p50": 80.31221,
            "p90": 81.03197399999999,
            "p95": 81.164023,
            "p99": 81.164023,
            "minimum": 80.01763299999999,
            "maximum": 81.164023,
            "average": 80.40115412499999
        }
    },
    "energy": {
        "total_energy_j": 308.215,
        "output_tps_per_w": 10.382362960920137,
        "average_gpu_power": 239.48210879565093
    },
    "streaming_metrics": {
        "token_output_speed_tok_s": 2666.259338904248,
        "avg_ttft_ms": 5.7635413125,
        "avg_tpot_ms": 0.3750633809673367,
        "tpot_percentiles": {
            "p50": 0.3744951959798995,
            "p90": 0.3787735477386935,
            "p95": 0.3787929396984924,
            "p99": 0.3787929396984924,
            "minimum": 0.37365349246231155,
            "maximum": 0.3787929396984924,
            "average": 0.3750633809673367
        },
        "ttft_percentiles": {
            "p50": 5.794097,
            "p90": 5.885816,
            "p95": 5.903677,
            "p99": 5.903677,
            "minimum": 5.48246,
            "maximum": 5.903677,
            "average": 5.7635413125
        },
        "gen_tps_percentiles": {
            "p50": 2671.340913668128,
            "p90": 2674.525776340242,
            "p95": 2676.276336694122,
            "p99": 2676.276336694122,
            "minimum": 2639.96472794865,
            "maximum": 2676.276336694122,
            "average": 2666.259338904248
        }
    },
    "dataset": {
        "isl_stats": {
            "p50": 100.0,
            "p90": 100.0,
            "p95": 100.0,
            "p99": 100.0,
            "minimum": 100.0,
            "maximum": 100.0,
            "average": 100.0
        },
        "osl_stats": {
            "p50": 20.0,
            "p90": 20.0,
            "p95": 20.0,
            "p99": 20.0,
            "minimum": 20.0,
            "maximum": 20.0,
            "average": 20.0
        },
        "seq_len_stats": {
            "p50": 120.0,
            "p90": 120.0,
            "p95": 120.0,
            "p99": 120.0,
            "minimum": 120.0,
            "maximum": 120.0,
            "average": 120.0
        },
        "num_requests": 16,
        "dataset_path": "/home/scratch.bbuddharaju_gpu/TensorRT-LLM/nvbugs_5615248/trtllm_bench/dataset_isl100_osl20.jsonl",
        "max_isl": 100,
        "max_osl": 20,
        "max_sequence_length": 120,
        "avg_isl": 100,
        "avg_osl": 20,
        "avg_sequence_length": 120
    }
}