{
    "engine": {
        "model": "/home/scratch.trt_llm_data_ci/llm-models/llama-models-v2/TinyLlama-1.1B-Chat-v1.0",
        "model_path": "None",
        "engine_dir": "/home/scratch.bbuddharaju_gpu/TensorRT-LLM/nvbugs_5615248/tinyllama_trt_engine",
        "revision": null,
        "version": "1.3.0rc13",
        "backend": "TRT",
        "dtype": "bfloat16",
        "kv_cache_dtype": null,
        "quantization": null,
        "max_input_length": 129,
        "max_sequence_length": 129
    },
    "machine": {
        "name": "NVIDIA L40S",
        "memory.total": 44.39404296875,
        "clocks.mem": 9.001
    },
    "world_info": {
        "tp_size": 1,
        "pp_size": 1,
        "ep_size": 1,
        "world_size": 1,
        "max_batch_size": 1,
        "max_num_tokens": 129,
        "scheduling_policy": "GUARANTEED_NO_EVICT",
        "kv_cache_percentage": 0.9,
        "issue_rate": 7.5524232875e+16
    },
    "request_info": {
        "num_requests": 16,
        "avg_num_concurrent_requests": 0.9995596214604804,
        "avg_input_length": 100.0,
        "avg_output_length": 200.0
    },
    "performance": {
        "total_latency_ms": 1288.970622,
        "avg_request_latency_ms": 80.5251866875,
        "request_throughput_req_s": 12.413005949797357,
        "system_output_throughput_tok_s": 2482.6011899594714,
        "system_total_throughput_tok_s": 3723.901784939207,
        "output_throughput_per_user_tok_s": 2483.7049805893366,
        "output_throughput_per_gpu_tok_s": 2482.6011899594714,
        "request_latency_percentiles_ms": {
            "p50": 80.535935,
            "p90": 80.674454,
            "p95": 80.860923,
            "p99": 80.860923,
            "minimum": 80.1148,
            "maximum": 80.860923,
            "average": 80.5251866875
        }
    },
    "energy": {
        "total_energy_j": 305.565,
        "output_tps_per_w": 10.472403580252974,
        "average_gpu_power": 237.06126019061435
    },
    "streaming_metrics": {
        "token_output_speed_tok_s": 2666.3314847628294,
        "avg_ttft_ms": 5.8902401875,
        "avg_tpot_ms": 0.3750499824120603,
        "tpot_percentiles": {
            "p50": 0.3750918040201005,
            "p90": 0.3770181155778894,
            "p95": 0.37705726130653267,
            "p99": 0.37705726130653267,
            "minimum": 0.37225916582914576,
            "maximum": 0.37705726130653267,
            "average": 0.3750499824120603
        },
        "ttft_percentiles": {
            "p50": 5.938737,
            "p90": 6.041636,
            "p95": 6.145955,
            "p99": 6.145955,
            "minimum": 5.4354309999999995,
            "maximum": 6.145955,
            "average": 5.8902401875
        },
        "gen_tps_percentiles": {
            "p50": 2666.165802634678,
            "p90": 2671.7000242064078,
            "p95": 2686.3005448708436,
            "p99": 2686.3005448708436,
            "minimum": 2652.1170724439107,
            "maximum": 2686.3005448708436,
            "average": 2666.3314847628294
        }
    },
    "dataset": {
        "isl_stats": {
            "p50": 100.0,
            "p90": 100.0,
            "p95": 100.0,
            "p99": 100.0,
            "minimum": 100.0,
            "maximum": 100.0,
            "average": 100.0
        },
        "osl_stats": {
            "p50": 20.0,
            "p90": 20.0,
            "p95": 20.0,
            "p99": 20.0,
            "minimum": 20.0,
            "maximum": 20.0,
            "average": 20.0
        },
        "seq_len_stats": {
            "p50": 120.0,
            "p90": 120.0,
            "p95": 120.0,
            "p99": 120.0,
            "minimum": 120.0,
            "maximum": 120.0,
            "average": 120.0
        },
        "num_requests": 16,
        "dataset_path": "/home/scratch.bbuddharaju_gpu/TensorRT-LLM/nvbugs_5615248/trtllm_bench/dataset_isl100_osl20.jsonl",
        "max_isl": 100,
        "max_osl": 20,
        "max_sequence_length": 120,
        "avg_isl": 100,
        "avg_osl": 20,
        "avg_sequence_length": 120
    }
}