{
    "engine": {
        "model": "/home/scratch.trt_llm_data_ci/llm-models/llama-models-v2/TinyLlama-1.1B-Chat-v1.0",
        "model_path": "/home/scratch.trt_llm_data_ci/llm-models/llama-models-v2/TinyLlama-1.1B-Chat-v1.0",
        "engine_dir": "None",
        "revision": null,
        "version": "1.2",
        "backend": "Pytorch",
        "dtype": "bfloat16",
        "kv_cache_dtype": null,
        "quantization": null
    },
    "machine": {
        "name": "NVIDIA L40S",
        "memory.total": 44.39404296875,
        "clocks.mem": 9.001
    },
    "world_info": {
        "tp_size": 1,
        "pp_size": 1,
        "ep_size": null,
        "world_size": 1,
        "max_batch_size": 1,
        "max_num_tokens": 24576,
        "scheduling_policy": "GUARANTEED_NO_EVICT",
        "kv_cache_percentage": 0.9,
        "issue_rate": 7.91874475625e+16
    },
    "request_info": {
        "num_requests": 16,
        "avg_num_concurrent_requests": 0.9995652773561822,
        "avg_input_length": 100.0,
        "avg_output_length": 200.0
    },
    "performance": {
        "total_latency_ms": 1352.922394,
        "avg_request_latency_ms": 84.5208905,
        "request_throughput_req_s": 11.826251136766977,
        "system_output_throughput_tok_s": 2365.250227353395,
        "system_total_throughput_tok_s": 3547.8753410300933,
        "output_throughput_per_user_tok_s": 2366.366949001408,
        "output_throughput_per_gpu_tok_s": 2365.250227353395,
        "request_latency_percentiles_ms": {
            "p50": 84.42090999999999,
            "p90": 85.170236,
            "p95": 85.923233,
            "p99": 85.923233,
            "minimum": 83.969402,
            "maximum": 85.923233,
            "average": 84.5208905
        }
    },
    "energy": {
        "total_energy_j": 280.586,
        "output_tps_per_w": 11.404703014405564,
        "average_gpu_power": 207.39253134130618
    },
    "streaming_metrics": {
        "token_output_speed_tok_s": 2725.1558387986815,
        "avg_ttft_ms": 11.494222624999999,
        "avg_tpot_ms": 0.3669681802763819,
        "tpot_percentiles": {
            "p50": 0.3676507537688442,
            "p90": 0.36845974874371856,
            "p95": 0.3687105527638191,
            "p99": 0.3687105527638191,
            "minimum": 0.35796210552763813,
            "maximum": 0.3687105527638191,
            "average": 0.3669681802763819
        },
        "ttft_percentiles": {
            "p50": 11.369729,
            "p90": 12.663922999999999,
            "p95": 13.392598999999999,
            "p99": 13.392598999999999,
            "minimum": 10.761452,
            "maximum": 13.392598999999999,
            "average": 11.494222624999999
        },
        "gen_tps_percentiles": {
            "p50": 2721.0430055924544,
            "p90": 2730.4896157558965,
            "p95": 2793.5917924216983,
            "p99": 2793.5917924216983,
            "minimum": 2712.1545410189524,
            "maximum": 2793.5917924216983,
            "average": 2725.1558387986815
        }
    },
    "dataset": {
        "isl_stats": {
            "p50": 100.0,
            "p90": 100.0,
            "p95": 100.0,
            "p99": 100.0,
            "minimum": 100.0,
            "maximum": 100.0,
            "average": 100.0
        },
        "osl_stats": {
            "p50": 20.0,
            "p90": 20.0,
            "p95": 20.0,
            "p99": 20.0,
            "minimum": 20.0,
            "maximum": 20.0,
            "average": 20.0
        },
        "seq_len_stats": {
            "p50": 120.0,
            "p90": 120.0,
            "p95": 120.0,
            "p99": 120.0,
            "minimum": 120.0,
            "maximum": 120.0,
            "average": 120.0
        },
        "num_requests": 16,
        "dataset_path": "/home/scratch.bbuddharaju_gpu/TensorRT-LLM/nvbugs_5615248/trtllm_bench/dataset_isl100_osl20.jsonl",
        "max_isl": 100,
        "max_osl": 20,
        "max_sequence_length": 120,
        "avg_isl": 100,
        "avg_osl": 20,
        "avg_sequence_length": 120
    }
}