{
    "engine": {
        "model": "/home/scratch.trt_llm_data_ci/llm-models/llama-models-v2/TinyLlama-1.1B-Chat-v1.0",
        "model_path": "/home/scratch.trt_llm_data_ci/llm-models/llama-models-v2/TinyLlama-1.1B-Chat-v1.0",
        "engine_dir": "None",
        "revision": null,
        "version": "1.2",
        "backend": "Pytorch",
        "dtype": "bfloat16",
        "kv_cache_dtype": null,
        "quantization": null
    },
    "machine": {
        "name": "NVIDIA L40S",
        "memory.total": 44.39404296875,
        "clocks.mem": 9.001
    },
    "world_info": {
        "tp_size": 1,
        "pp_size": 1,
        "ep_size": null,
        "world_size": 1,
        "max_batch_size": 1,
        "max_num_tokens": 24576,
        "scheduling_policy": "GUARANTEED_NO_EVICT",
        "kv_cache_percentage": 0.9,
        "issue_rate": 7.8490242e+16
    },
    "request_info": {
        "num_requests": 16,
        "avg_num_concurrent_requests": 0.9995952572634036,
        "avg_input_length": 100.0,
        "avg_output_length": 200.0
    },
    "performance": {
        "total_latency_ms": 1339.2803649999998,
        "avg_request_latency_ms": 83.67114381249999,
        "request_throughput_req_s": 11.94671438343681,
        "system_output_throughput_tok_s": 2389.342876687362,
        "system_total_throughput_tok_s": 3584.0143150310428,
        "output_throughput_per_user_tok_s": 2390.336783693338,
        "output_throughput_per_gpu_tok_s": 2389.342876687362,
        "request_latency_percentiles_ms": {
            "p50": 83.558861,
            "p90": 84.33464,
            "p95": 84.337401,
            "p99": 84.337401,
            "minimum": 83.398793,
            "maximum": 84.337401,
            "average": 83.67114381249999
        }
    },
    "energy": {
        "total_energy_j": 311.636,
        "output_tps_per_w": 10.26839004479585,
        "average_gpu_power": 232.6891427247946
    },
    "streaming_metrics": {
        "token_output_speed_tok_s": 2739.9795132448517,
        "avg_ttft_ms": 11.039360375,
        "avg_tpot_ms": 0.3649838363693467,
        "tpot_percentiles": {
            "p50": 0.3658018190954774,
            "p90": 0.36651015075376886,
            "p95": 0.366637432160804,
            "p99": 0.366637432160804,
            "minimum": 0.3558968291457287,
            "maximum": 0.366637432160804,
            "average": 0.3649838363693467
        },
        "ttft_percentiles": {
            "p50": 10.842238,
            "p90": 11.596027,
            "p95": 12.945708999999999,
            "p99": 12.945708999999999,
            "minimum": 10.591510999999999,
            "maximum": 12.945708999999999,
            "average": 11.039360375
        },
        "gen_tps_percentiles": {
            "p50": 2734.7467063171043,
            "p90": 2756.8226164740236,
            "p95": 2809.8030611858335,
            "p99": 2809.8030611858335,
            "minimum": 2727.4901913490617,
            "maximum": 2809.8030611858335,
            "average": 2739.9795132448517
        }
    },
    "dataset": {
        "isl_stats": {
            "p50": 100.0,
            "p90": 100.0,
            "p95": 100.0,
            "p99": 100.0,
            "minimum": 100.0,
            "maximum": 100.0,
            "average": 100.0
        },
        "osl_stats": {
            "p50": 20.0,
            "p90": 20.0,
            "p95": 20.0,
            "p99": 20.0,
            "minimum": 20.0,
            "maximum": 20.0,
            "average": 20.0
        },
        "seq_len_stats": {
            "p50": 120.0,
            "p90": 120.0,
            "p95": 120.0,
            "p99": 120.0,
            "minimum": 120.0,
            "maximum": 120.0,
            "average": 120.0
        },
        "num_requests": 16,
        "dataset_path": "/home/scratch.bbuddharaju_gpu/TensorRT-LLM/nvbugs_5615248/trtllm_bench/dataset_isl100_osl20.jsonl",
        "max_isl": 100,
        "max_osl": 20,
        "max_sequence_length": 120,
        "avg_isl": 100,
        "avg_osl": 20,
        "avg_sequence_length": 120
    }
}