{
    "engine": {
        "model": "/home/scratch.trt_llm_data_ci/llm-models/llama-models-v2/TinyLlama-1.1B-Chat-v1.0",
        "model_path": "/home/scratch.trt_llm_data_ci/llm-models/llama-models-v2/TinyLlama-1.1B-Chat-v1.0",
        "engine_dir": "None",
        "revision": null,
        "version": "1.2",
        "backend": "Pytorch",
        "dtype": "bfloat16",
        "kv_cache_dtype": null,
        "quantization": null
    },
    "machine": {
        "name": "NVIDIA L40S",
        "memory.total": 44.39404296875,
        "clocks.mem": 9.001
    },
    "world_info": {
        "tp_size": 1,
        "pp_size": 1,
        "ep_size": null,
        "world_size": 1,
        "max_batch_size": 1,
        "max_num_tokens": 24576,
        "scheduling_policy": "GUARANTEED_NO_EVICT",
        "kv_cache_percentage": 0.9,
        "issue_rate": 7.8619511375e+16
    },
    "request_info": {
        "num_requests": 16,
        "avg_num_concurrent_requests": 0.999558556375238,
        "avg_input_length": 100.0,
        "avg_output_length": 200.0
    },
    "performance": {
        "total_latency_ms": 1341.670752,
        "avg_request_latency_ms": 83.817405,
        "request_throughput_req_s": 11.925429525946765,
        "system_output_throughput_tok_s": 2385.085905189353,
        "system_total_throughput_tok_s": 3577.6288577840296,
        "output_throughput_per_user_tok_s": 2386.1445195960064,
        "output_throughput_per_gpu_tok_s": 2385.085905189353,
        "request_latency_percentiles_ms": {
            "p50": 83.79551,
            "p90": 83.921578,
            "p95": 84.196744,
            "p99": 84.196744,
            "minimum": 83.680431,
            "maximum": 84.196744,
            "average": 83.817405
        }
    },
    "energy": {
        "total_energy_j": 289.168,
        "output_tps_per_w": 11.066231394898468,
        "average_gpu_power": 215.52828782243589
    },
    "streaming_metrics": {
        "token_output_speed_tok_s": 2727.3163075461935,
        "avg_ttft_ms": 10.85169425,
        "avg_tpot_ms": 0.3666618630653266,
        "tpot_percentiles": {
            "p50": 0.36651630150753767,
            "p90": 0.3677222663316583,
            "p95": 0.3679791959798995,
            "p99": 0.3679791959798995,
            "minimum": 0.365184,
            "maximum": 0.3679791959798995,
            "average": 0.3666618630653266
        },
        "ttft_percentiles": {
            "p50": 10.828956,
            "p90": 11.003784,
            "p95": 11.021384,
            "p99": 11.021384,
            "minimum": 10.708018,
            "maximum": 11.021384,
            "average": 10.85169425
        },
        "gen_tps_percentiles": {
            "p50": 2729.097295253384,
            "p90": 2730.567058507613,
            "p95": 2738.3456011216267,
            "p99": 2738.3456011216267,
            "minimum": 2717.54493440065,
            "maximum": 2738.3456011216267,
            "average": 2727.3163075461935
        }
    },
    "dataset": {
        "isl_stats": {
            "p50": 100.0,
            "p90": 100.0,
            "p95": 100.0,
            "p99": 100.0,
            "minimum": 100.0,
            "maximum": 100.0,
            "average": 100.0
        },
        "osl_stats": {
            "p50": 20.0,
            "p90": 20.0,
            "p95": 20.0,
            "p99": 20.0,
            "minimum": 20.0,
            "maximum": 20.0,
            "average": 20.0
        },
        "seq_len_stats": {
            "p50": 120.0,
            "p90": 120.0,
            "p95": 120.0,
            "p99": 120.0,
            "minimum": 120.0,
            "maximum": 120.0,
            "average": 120.0
        },
        "num_requests": 16,
        "dataset_path": "/home/scratch.bbuddharaju_gpu/TensorRT-LLM/nvbugs_5615248/trtllm_bench/dataset_isl100_osl20.jsonl",
        "max_isl": 100,
        "max_osl": 20,
        "max_sequence_length": 120,
        "avg_isl": 100,
        "avg_osl": 20,
        "avg_sequence_length": 120
    }
}