{
    "engine": {
        "model": "/home/scratch.trt_llm_data_ci/llm-models/llama-models-v2/TinyLlama-1.1B-Chat-v1.0",
        "model_path": "/home/scratch.trt_llm_data_ci/llm-models/llama-models-v2/TinyLlama-1.1B-Chat-v1.0",
        "engine_dir": "None",
        "revision": null,
        "version": "1.2",
        "backend": "Pytorch",
        "dtype": "bfloat16",
        "kv_cache_dtype": null,
        "quantization": null
    },
    "machine": {
        "name": "NVIDIA L40S",
        "memory.total": 44.39404296875,
        "clocks.mem": 9.001
    },
    "world_info": {
        "tp_size": 1,
        "pp_size": 1,
        "ep_size": null,
        "world_size": 1,
        "max_batch_size": 1,
        "max_num_tokens": 24576,
        "scheduling_policy": "GUARANTEED_NO_EVICT",
        "kv_cache_percentage": 0.9,
        "issue_rate": 7.85971463125e+16
    },
    "request_info": {
        "num_requests": 16,
        "avg_num_concurrent_requests": 0.9995576180656789,
        "avg_input_length": 100.0,
        "avg_output_length": 200.0
    },
    "performance": {
        "total_latency_ms": 1341.078724,
        "avg_request_latency_ms": 83.7803409375,
        "request_throughput_req_s": 11.930694085040155,
        "system_output_throughput_tok_s": 2386.1388170080313,
        "system_total_throughput_tok_s": 3579.2082255120467,
        "output_throughput_per_user_tok_s": 2387.220366931972,
        "output_throughput_per_gpu_tok_s": 2386.1388170080313,
        "request_latency_percentiles_ms": {
            "p50": 83.723423,
            "p90": 84.293041,
            "p95": 84.306591,
            "p99": 84.306591,
            "minimum": 83.43965399999999,
            "maximum": 84.306591,
            "average": 83.7803409375
        }
    },
    "energy": {
        "total_energy_j": 314.601,
        "output_tps_per_w": 10.171614203387783,
        "average_gpu_power": 234.58801811548238
    },
    "streaming_metrics": {
        "token_output_speed_tok_s": 2739.228511857443,
        "avg_ttft_ms": 11.1282118125,
        "avg_tpot_ms": 0.36508607600502513,
        "tpot_percentiles": {
            "p50": 0.3661332713567839,
            "p90": 0.3669398542713568,
            "p95": 0.36725317085427134,
            "p99": 0.36725317085427134,
            "minimum": 0.35587914070351756,
            "maximum": 0.36725317085427134,
            "average": 0.36508607600502513
        },
        "ttft_percentiles": {
            "p50": 10.827670999999999,
            "p90": 11.925778,
            "p95": 13.172272999999999,
            "p99": 13.172272999999999,
            "minimum": 10.523823,
            "maximum": 13.172272999999999,
            "average": 11.1282118125
        },
        "gen_tps_percentiles": {
            "p50": 2732.8125590507234,
            "p90": 2752.56198164434,
            "p95": 2809.9427182586646,
            "p99": 2809.9427182586646,
            "minimum": 2722.9172662386813,
            "maximum": 2809.9427182586646,
            "average": 2739.228511857443
        }
    },
    "dataset": {
        "isl_stats": {
            "p50": 100.0,
            "p90": 100.0,
            "p95": 100.0,
            "p99": 100.0,
            "minimum": 100.0,
            "maximum": 100.0,
            "average": 100.0
        },
        "osl_stats": {
            "p50": 20.0,
            "p90": 20.0,
            "p95": 20.0,
            "p99": 20.0,
            "minimum": 20.0,
            "maximum": 20.0,
            "average": 20.0
        },
        "seq_len_stats": {
            "p50": 120.0,
            "p90": 120.0,
            "p95": 120.0,
            "p99": 120.0,
            "minimum": 120.0,
            "maximum": 120.0,
            "average": 120.0
        },
        "num_requests": 16,
        "dataset_path": "/home/scratch.bbuddharaju_gpu/TensorRT-LLM/perf_repro/beam_search_handoff/dataset_isl100_osl20.jsonl",
        "max_isl": 100,
        "max_osl": 20,
        "max_sequence_length": 120,
        "avg_isl": 100,
        "avg_osl": 20,
        "avg_sequence_length": 120
    }
}