{
    "engine": {
        "model": "/home/scratch.trt_llm_data_ci/llm-models/llama-models-v2/TinyLlama-1.1B-Chat-v1.0",
        "model_path": "/home/scratch.trt_llm_data_ci/llm-models/llama-models-v2/TinyLlama-1.1B-Chat-v1.0",
        "engine_dir": "None",
        "revision": null,
        "version": "1.2",
        "backend": "Pytorch",
        "dtype": "bfloat16",
        "kv_cache_dtype": null,
        "quantization": null
    },
    "machine": {
        "name": "NVIDIA L40S",
        "memory.total": 44.39404296875,
        "clocks.mem": 9.001
    },
    "world_info": {
        "tp_size": 1,
        "pp_size": 1,
        "ep_size": null,
        "world_size": 1,
        "max_batch_size": 1,
        "max_num_tokens": 24576,
        "scheduling_policy": "GUARANTEED_NO_EVICT",
        "kv_cache_percentage": 0.9,
        "issue_rate": 7.84192026875e+16
    },
    "request_info": {
        "num_requests": 16,
        "avg_num_concurrent_requests": 0.9995587497437799,
        "avg_input_length": 100.0,
        "avg_output_length": 200.0
    },
    "performance": {
        "total_latency_ms": 1338.258713,
        "avg_request_latency_ms": 83.60426287499999,
        "request_throughput_req_s": 11.955834731038289,
        "system_output_throughput_tok_s": 2391.1669462076575,
        "system_total_throughput_tok_s": 3586.750419311486,
        "output_throughput_per_user_tok_s": 2392.229600179863,
        "output_throughput_per_gpu_tok_s": 2391.1669462076575,
        "request_latency_percentiles_ms": {
            "p50": 83.63814099999999,
            "p90": 83.830169,
            "p95": 83.86998899999999,
            "p99": 83.86998899999999,
            "minimum": 83.359731,
            "maximum": 83.86998899999999,
            "average": 83.60426287499999
        }
    },
    "energy": {
        "total_energy_j": 312.984,
        "output_tps_per_w": 10.224164813536795,
        "average_gpu_power": 233.87406109120548
    },
    "streaming_metrics": {
        "token_output_speed_tok_s": 2737.446009597505,
        "avg_ttft_ms": 10.9063984375,
        "avg_tpot_ms": 0.3653159016959799,
        "tpot_percentiles": {
            "p50": 0.3656417035175879,
            "p90": 0.36692572361809045,
            "p95": 0.3688060653266331,
            "p99": 0.3688060653266331,
            "minimum": 0.3582140954773869,
            "maximum": 0.3688060653266331,
            "average": 0.3653159016959799
        },
        "ttft_percentiles": {
            "p50": 10.804910999999999,
            "p90": 11.15945,
            "p95": 12.486334999999999,
            "p99": 12.486334999999999,
            "minimum": 10.437762,
            "maximum": 12.486334999999999,
            "average": 10.9063984375
        },
        "gen_tps_percentiles": {
            "p50": 2735.1203986942396,
            "p90": 2744.8783191303123,
            "p95": 2791.6266071755604,
            "p99": 2791.6266071755604,
            "minimum": 2711.452153354229,
            "maximum": 2791.6266071755604,
            "average": 2737.446009597505
        }
    },
    "dataset": {
        "isl_stats": {
            "p50": 100.0,
            "p90": 100.0,
            "p95": 100.0,
            "p99": 100.0,
            "minimum": 100.0,
            "maximum": 100.0,
            "average": 100.0
        },
        "osl_stats": {
            "p50": 20.0,
            "p90": 20.0,
            "p95": 20.0,
            "p99": 20.0,
            "minimum": 20.0,
            "maximum": 20.0,
            "average": 20.0
        },
        "seq_len_stats": {
            "p50": 120.0,
            "p90": 120.0,
            "p95": 120.0,
            "p99": 120.0,
            "minimum": 120.0,
            "maximum": 120.0,
            "average": 120.0
        },
        "num_requests": 16,
        "dataset_path": "/home/scratch.bbuddharaju_gpu/TensorRT-LLM/perf_repro/beam_search_handoff/dataset_isl100_osl20.jsonl",
        "max_isl": 100,
        "max_osl": 20,
        "max_sequence_length": 120,
        "avg_isl": 100,
        "avg_osl": 20,
        "avg_sequence_length": 120
    }
}