{
    "engine": {
        "model": "/home/scratch.trt_llm_data_ci/llm-models/llama-models-v2/TinyLlama-1.1B-Chat-v1.0",
        "model_path": "/home/scratch.trt_llm_data_ci/llm-models/llama-models-v2/TinyLlama-1.1B-Chat-v1.0",
        "engine_dir": "None",
        "revision": null,
        "version": "1.2",
        "backend": "Pytorch",
        "dtype": "bfloat16",
        "kv_cache_dtype": null,
        "quantization": null
    },
    "machine": {
        "name": "NVIDIA L40S",
        "memory.total": 44.39404296875,
        "clocks.mem": 9.001
    },
    "world_info": {
        "tp_size": 1,
        "pp_size": 1,
        "ep_size": null,
        "world_size": 1,
        "max_batch_size": 1,
        "max_num_tokens": 24576,
        "scheduling_policy": "GUARANTEED_NO_EVICT",
        "kv_cache_percentage": 0.9,
        "issue_rate": 7.043620175e+16
    },
    "request_info": {
        "num_requests": 4,
        "avg_num_concurrent_requests": 0.9996296875374542,
        "avg_input_length": 100.0,
        "avg_output_length": 200.0
    },
    "performance": {
        "total_latency_ms": 374.707886,
        "avg_request_latency_ms": 93.64228175,
        "request_throughput_req_s": 10.674982164640111,
        "system_output_throughput_tok_s": 2134.996432928022,
        "system_total_throughput_tok_s": 3202.4946493920334,
        "output_throughput_per_user_tok_s": 2135.8261361381287,
        "output_throughput_per_gpu_tok_s": 2134.996432928022,
        "request_latency_percentiles_ms": {
            "p50": 93.82616,
            "p90": 93.980668,
            "p95": 93.980668,
            "p99": 93.980668,
            "minimum": 92.963079,
            "maximum": 93.980668,
            "average": 93.64228175
        }
    },
    "energy": {
        "total_energy_j": 85.732,
        "output_tps_per_w": 9.331404842999113,
        "average_gpu_power": 228.7968927347315
    },
    "streaming_metrics": {
        "token_output_speed_tok_s": 2538.1979561957783,
        "avg_ttft_ms": 15.238899499999999,
        "avg_tpot_ms": 0.39398684547738694,
        "tpot_percentiles": {
            "p50": 0.39520734673366836,
            "p90": 0.3954542311557789,
            "p95": 0.3954542311557789,
            "p99": 0.3954542311557789,
            "minimum": 0.39141316582914576,
            "maximum": 0.3954542311557789,
            "average": 0.39398684547738694
        },
        "ttft_percentiles": {
            "p50": 15.334406,
            "p90": 15.418565,
            "p95": 15.418565,
            "p99": 15.418565,
            "minimum": 15.071859,
            "maximum": 15.418565,
            "average": 15.238899499999999
        },
        "gen_tps_percentiles": {
            "p50": 2538.8917711902254,
            "p90": 2554.845077532487,
            "p95": 2554.845077532487,
            "p99": 2554.845077532487,
            "minimum": 2528.737641970193,
            "maximum": 2554.845077532487,
            "average": 2538.1979561957783
        }
    },
    "dataset": {
        "isl_stats": {
            "p50": 100.0,
            "p90": 100.0,
            "p95": 100.0,
            "p99": 100.0,
            "minimum": 100.0,
            "maximum": 100.0,
            "average": 100.0
        },
        "osl_stats": {
            "p50": 20.0,
            "p90": 20.0,
            "p95": 20.0,
            "p99": 20.0,
            "minimum": 20.0,
            "maximum": 20.0,
            "average": 20.0
        },
        "seq_len_stats": {
            "p50": 120.0,
            "p90": 120.0,
            "p95": 120.0,
            "p99": 120.0,
            "minimum": 120.0,
            "maximum": 120.0,
            "average": 120.0
        },
        "num_requests": 4,
        "dataset_path": "/home/scratch.bbuddharaju_gpu/TensorRT-LLM/nvbugs_5615248/trtllm_bench/dataset_isl100_osl20.jsonl",
        "max_isl": 100,
        "max_osl": 20,
        "max_sequence_length": 120,
        "avg_isl": 100,
        "avg_osl": 20,
        "avg_sequence_length": 120
    }
}