{
    "engine": {
        "model": "/home/scratch.trt_llm_data_ci/llm-models/llama-models-v2/TinyLlama-1.1B-Chat-v1.0",
        "model_path": "/home/scratch.trt_llm_data_ci/llm-models/llama-models-v2/TinyLlama-1.1B-Chat-v1.0",
        "engine_dir": "None",
        "revision": null,
        "version": "1.2",
        "backend": "Pytorch",
        "dtype": "bfloat16",
        "kv_cache_dtype": null,
        "quantization": null
    },
    "machine": {
        "name": "NVIDIA L40S",
        "memory.total": 44.39404296875,
        "clocks.mem": 9.001
    },
    "world_info": {
        "tp_size": 1,
        "pp_size": 1,
        "ep_size": null,
        "world_size": 1,
        "max_batch_size": 1,
        "max_num_tokens": 24576,
        "scheduling_policy": "GUARANTEED_NO_EVICT",
        "kv_cache_percentage": 0.9,
        "issue_rate": 8.79136501e+16
    },
    "request_info": {
        "num_requests": 20,
        "avg_num_concurrent_requests": 0.9995577702344706,
        "avg_input_length": 100.0,
        "avg_output_length": 200.0
    },
    "performance": {
        "total_latency_ms": 1852.613876,
        "avg_request_latency_ms": 92.58972974999999,
        "request_throughput_req_s": 10.795557703142238,
        "system_output_throughput_tok_s": 2159.111540628448,
        "system_total_throughput_tok_s": 3238.6673109426715,
        "output_throughput_per_user_tok_s": 2160.5540313110455,
        "output_throughput_per_gpu_tok_s": 2159.111540628448,
        "request_latency_percentiles_ms": {
            "p50": 92.139325,
            "p90": 95.205935,
            "p95": 95.568091,
            "p99": 95.568091,
            "minimum": 90.836379,
            "maximum": 95.568091,
            "average": 92.58972974999999
        }
    },
    "energy": {
        "total_energy_j": 399.134,
        "output_tps_per_w": 10.021696973948599,
        "average_gpu_power": 215.4437064142987
    },
    "streaming_metrics": {
        "token_output_speed_tok_s": 2553.0881595586648,
        "avg_ttft_ms": 14.621543699999998,
        "avg_tpot_ms": 0.39179992989949747,
        "tpot_percentiles": {
            "p50": 0.3905581005025125,
            "p90": 0.4017093467336683,
            "p95": 0.40697034673366833,
            "p99": 0.40697034673366833,
            "minimum": 0.38126412060301507,
            "maximum": 0.40697034673366833,
            "average": 0.39179992989949747
        },
        "ttft_percentiles": {
            "p50": 14.286114999999999,
            "p90": 16.178216,
            "p95": 18.491412,
            "p99": 18.491412,
            "minimum": 13.874549,
            "maximum": 18.491412,
            "average": 14.621543699999998
        },
        "gen_tps_percentiles": {
            "p50": 2572.37799127165,
            "p90": 2594.051914565435,
            "p95": 2622.8536753429084,
            "p99": 2622.8536753429084,
            "minimum": 2457.1814826951636,
            "maximum": 2622.8536753429084,
            "average": 2553.0881595586648
        }
    },
    "dataset": {
        "isl_stats": {
            "p50": 100.0,
            "p90": 100.0,
            "p95": 100.0,
            "p99": 100.0,
            "minimum": 100.0,
            "maximum": 100.0,
            "average": 100.0
        },
        "osl_stats": {
            "p50": 20.0,
            "p90": 20.0,
            "p95": 20.0,
            "p99": 20.0,
            "minimum": 20.0,
            "maximum": 20.0,
            "average": 20.0
        },
        "seq_len_stats": {
            "p50": 120.0,
            "p90": 120.0,
            "p95": 120.0,
            "p99": 120.0,
            "minimum": 120.0,
            "maximum": 120.0,
            "average": 120.0
        },
        "num_requests": 20,
        "dataset_path": "/home/scratch.bbuddharaju_gpu/TensorRT-LLM/nvbugs_5615248/trtllm_bench/dataset_isl100_osl20.jsonl",
        "max_isl": 100,
        "max_osl": 20,
        "max_sequence_length": 120,
        "avg_isl": 100,
        "avg_osl": 20,
        "avg_sequence_length": 120
    }
}